candidate_id,phase,model,bs,tier,tier_order,arch,noc,minibatch,seq,cached_kv,tp,ep,ep1,ep2,sp,cp,dp,fsdp,pp,tp_transform_moe,max_activation_gib,mem_weight_gib,kv_cache_gib,paper_utps,paper_stps,source_stats_run_id,source_candidate_count,source_tie_count,runner_up_gap_pct,kv_len_1,kv_len_2,kv_len_3,kv_len_4
decode_deepseek_bs1_astra_space,decode,DeepSeekV3,1,astra_space,1,stacked_gpu_wgmma,torus_mesh_switch_1,1,1,,256,1,1,1,1,1,1,False,1,none,0.0021983385086059,3.77974247932434,0.134033203125,57.5173346926419,57.5173346926419,DeepSeekV3_stacked_gpu_wgmma_torus_mesh_switch_1_c67e9f4e0b,1,1,,1024,1365,1707,2048
decode_deepseek_bs1_expanded_parallel,decode,DeepSeekV3,1,expanded_parallel,2,stacked_gpu_wgmma,torus_mesh_switch_1,1,1,,16,16,1,1,1,1,1,False,1,none,0.0022058486938476,4.58019781112671,0.134033203125,90.5701184528957,90.5701184528957,DeepSeekV3_stacked_gpu_wgmma_torus_mesh_switch_1_03e3ddf651,12,1,2.90638481681861,1024,1365,1707,2048
decode_deepseek_bs1_module_flexible,decode,DeepSeekV3,1,module_flexible,3,stacked_gpu_wgmma,torus_mesh_switch_1,1,1,,16,16,1,1,1,1,1,False,1,none,0.0022058486938476,4.58019781112671,0.134033203125,90.5701184528957,90.5701184528957,DeepSeekV3_stacked_gpu_wgmma_torus_mesh_switch_1_03e3ddf651,18,1,2.90638481681861,1024,1365,1707,2048
decode_deepseek_bs4_astra_space,decode,DeepSeekV3,4,astra_space,1,stacked_gpu_wgmma,torus_mesh_switch_1,4,1,,128,1,1,1,1,1,2,False,1,none,0.0043966770172119,6.20064002275467,0.26806640625,52.2869470886668,209.147788354667,DeepSeekV3_stacked_gpu_wgmma_torus_mesh_switch_1_d265adec55,5,1,0.605316329918626,1024,1365,1707,2048
decode_deepseek_bs4_expanded_parallel,decode,DeepSeekV3,4,expanded_parallel,2,stacked_gpu_wgmma,torus_mesh_switch_1,4,1,,16,16,4,1,1,1,1,False,1,none,0.0022058486938476,4.58019781112671,0.134033203125,85.1312705974512,340.525082389805,DeepSeekV3_stacked_gpu_wgmma_torus_mesh_switch_1_b0dfd8a617,87,1,2.29317968042873,1024,1365,1707,2048
decode_deepseek_bs4_module_flexible,decode,DeepSeekV3,4,module_flexible,3,stacked_gpu_wgmma,torus_mesh_switch_1,4,1,,16,16,4,1,1,1,1,False,1,none,0.0022058486938476,4.58019781112671,0.134033203125,85.1312705974512,340.525082389805,DeepSeekV3_stacked_gpu_wgmma_torus_mesh_switch_1_b0dfd8a617,161,1,2.29317968042873,1024,1365,1707,2048
decode_deepseek_bs16_astra_space,decode,DeepSeekV3,16,astra_space,1,stacked_gpu_wgmma,torus_mesh_switch_1,8,1,,64,1,1,1,1,1,2,False,2,none,0.0087976455688476,5.58275806903839,0.5361328125,37.7157052831743,603.45128453079,DeepSeekV3_stacked_gpu_wgmma_torus_mesh_switch_1_894b67f5b4,9,1,3.27319453860765,1024,1365,1707,2048
decode_deepseek_bs16_expanded_parallel,decode,DeepSeekV3,16,expanded_parallel,2,stacked_gpu_wgmma,torus_mesh_switch_1,16,1,,8,32,16,1,1,1,1,False,1,none,0.0022144317626953,5.44971752166748,0.134033203125,80.7031650769723,1291.25064123156,DeepSeekV3_stacked_gpu_wgmma_torus_mesh_switch_1_84468366cf,186,1,4.67433034163579,1024,1365,1707,2048
decode_deepseek_bs16_module_flexible,decode,DeepSeekV3,16,module_flexible,3,stacked_gpu_wgmma,torus_mesh_switch_1,16,1,,32,8,8,1,1,1,1,False,1,replace_only,0.0044031143188476,6.45108485221863,0.26806640625,82.3641540280124,1317.8264644482,DeepSeekV3_stacked_gpu_wgmma_torus_mesh_switch_1_0601a279c8,358,1,2.01664057701031,1024,1365,1707,2048
decode_deepseek_bs64_astra_space,decode,DeepSeekV3,64,astra_space,1,stacked_gpu_wgmma,torus_mesh_switch_1,16,1,,32,1,1,1,1,1,2,False,4,none,0.0176124572753906,5.44307899475098,1.072265625,24.0894440160937,1541.72441702999,DeepSeekV3_stacked_gpu_wgmma_torus_mesh_switch_1_db0a76f695,11,1,6.44543713252022,1024,1365,1707,2048
decode_deepseek_bs64_expanded_parallel,decode,DeepSeekV3,64,expanded_parallel,2,stacked_gpu_wgmma,torus_mesh_switch_1,64,1,,8,32,32,1,1,1,1,False,1,none,0.0044288635253906,5.44971752166748,0.26806640625,80.0496589655309,5123.17817379398,DeepSeekV3_stacked_gpu_wgmma_torus_mesh_switch_1_5b43dfb524,262,1,16.7175061239386,1024,1365,1707,2048
decode_deepseek_bs64_module_flexible,decode,DeepSeekV3,64,module_flexible,3,stacked_gpu_wgmma,torus_mesh_switch_1,64,1,,8,32,32,1,1,1,1,False,1,none,0.0044288635253906,5.44971752166748,0.26806640625,80.0496589655309,5123.17817379398,DeepSeekV3_stacked_gpu_wgmma_torus_mesh_switch_1_5b43dfb524,511,1,0.710515993860561,1024,1365,1707,2048
decode_deepseek_bs128_astra_space,decode,DeepSeekV3,128,astra_space,1,stacked_gpu_wgmma,torus_mesh_switch_1,32,1,,32,1,1,1,1,1,2,False,4,none,0.0352249145507812,5.44307899475098,2.14453125,18.6065050204956,2381.63264262343,DeepSeekV3_stacked_gpu_wgmma_torus_mesh_switch_1_9ba6f1d013,11,1,6.82589449713223,1024,1365,1707,2048
decode_deepseek_bs128_expanded_parallel,decode,DeepSeekV3,128,expanded_parallel,2,stacked_gpu_wgmma,torus_mesh_switch_1,128,1,,4,64,64,1,1,1,1,False,1,none,0.0044631958007812,7.19740867614746,0.26806640625,66.4116775732682,8500.69472937833,DeepSeekV3_stacked_gpu_wgmma_torus_mesh_switch_1_c5be5f0cd0,277,1,5.2719096836933,1024,1365,1707,2048
decode_deepseek_bs128_module_flexible,decode,DeepSeekV3,128,module_flexible,3,stacked_gpu_wgmma,torus_mesh_switch_1,128,1,,4,64,64,1,1,1,1,False,1,none,0.0044631958007812,7.19740867614746,0.26806640625,66.4116775732682,8500.69472937833,DeepSeekV3_stacked_gpu_wgmma_torus_mesh_switch_1_c5be5f0cd0,537,1,5.2719096836933,1024,1365,1707,2048
decode_deepseek_bs512_astra_space,decode,DeepSeekV3,512,astra_space,1,stacked_gpu_wgmma,torus_mesh_switch_1,32,1,,16,1,1,1,1,1,1,False,16,none,0.070587158203125,2.8569393157959,4.2890625,10.4050106721207,5327.3654641258,DeepSeekV3_stacked_gpu_wgmma_torus_mesh_switch_1_3b0afcac15,7,1,14.990353392315,1024,1365,1707,2048
decode_deepseek_bs512_expanded_parallel,decode,DeepSeekV3,512,expanded_parallel,2,stacked_gpu_wgmma,torus_mesh_switch_1,256,1,,4,32,32,1,1,1,1,False,2,none,0.017852783203125,4.89085578918457,1.072265625,39.1882845824691,20064.4017062242,DeepSeekV3_stacked_gpu_wgmma_torus_mesh_switch_1_6929d6dbed,245,1,2.17780601537325,1024,1365,1707,2048
decode_deepseek_bs512_module_flexible,decode,DeepSeekV3,512,module_flexible,3,stacked_gpu_wgmma,torus_mesh_switch_1,256,1,,8,16,16,1,1,1,1,False,2,replace_only,0.035430908203125,5.02852725982666,2.14453125,54.4046869925449,27855.199740183,DeepSeekV3_stacked_gpu_wgmma_torus_mesh_switch_1_f0e4d819f2,478,1,0.628286296639347,1024,1365,1707,2048
decode_deepseek_bs1024_astra_space,decode,DeepSeekV3,1024,astra_space,1,stacked_gpu_wgmma,torus_mesh_switch_1,32,1,,8,1,1,1,1,1,1,False,32,none,0.07086181640625,2.8318920135498,4.2890625,7.38311053937204,7560.30519231697,DeepSeekV3_stacked_gpu_wgmma_torus_mesh_switch_1_31c830f093,5,1,29.3460125112228,1024,1365,1707,2048
decode_deepseek_bs1024_expanded_parallel,decode,DeepSeekV3,1024,expanded_parallel,2,stacked_gpu_wgmma,torus_mesh_switch_1,512,1,,2,64,64,1,1,1,1,False,2,none,0.01812744140625,6.72012710571289,1.072265625,30.7327731153176,31470.3596700853,DeepSeekV3_stacked_gpu_wgmma_torus_mesh_switch_1_8ed3fcc789,205,1,14.2571019905768,1024,1365,1707,2048
decode_deepseek_bs1024_module_flexible,decode,DeepSeekV3,1024,module_flexible,3,stacked_gpu_wgmma,torus_mesh_switch_1,512,1,,4,32,32,1,1,1,1,False,2,replace_only,0.03570556640625,5.78294563293457,2.14453125,37.1689815646006,38061.037122151,DeepSeekV3_stacked_gpu_wgmma_torus_mesh_switch_1_81ba3c4137,403,1,17.316074259653,1024,1365,1707,2048
decode_qwen_bs1_astra_space,decode,Qwen3_235b_a22b,1,astra_space,1,stacked_gpu_wgmma,torus_mesh_switch_1,1,1,,256,1,1,1,1,1,1,False,1,none,3.0517578125e-05,1.91791892051697,0.001434326171875,77.3259658569909,77.3259658569909,Qwen3_235b_a22b_stacked_gpu_wgmma_torus_mesh_switch_1_c38ed82bcd,1,1,,1024,1365,1707,2048
decode_qwen_bs1_expanded_parallel,decode,Qwen3_235b_a22b,1,expanded_parallel,2,stacked_gpu_wgmma,torus_mesh_switch_1,1,1,,64,4,1,1,1,1,1,False,1,none,6.89029693603516e-05,2.06425380706787,0.0057373046875,92.5433456928688,92.5433456928688,Qwen3_235b_a22b_stacked_gpu_wgmma_torus_mesh_switch_1_1039dad8a8,16,1,2.44771289790948,1024,1365,1707,2048
decode_qwen_bs1_module_flexible,decode,Qwen3_235b_a22b,1,module_flexible,3,stacked_gpu_wgmma,torus_mesh_switch_1,1,1,,256,1,1,1,1,1,1,False,1,replace_only,3.0517578125e-05,1.91791892051697,0.001434326171875,122.05758594428,122.05758594428,Qwen3_235b_a22b_stacked_gpu_wgmma_torus_mesh_switch_1_16278ebef1,32,1,7.28487585237292,1024,1365,1707,2048
decode_qwen_bs4_astra_space,decode,Qwen3_235b_a22b,4,astra_space,1,stacked_gpu_wgmma,torus_mesh_switch_1,4,1,,256,1,1,1,1,1,1,False,1,none,0.0001220703125,1.91791892051697,0.0057373046875,71.9752531555376,287.90101262215,Qwen3_235b_a22b_stacked_gpu_wgmma_torus_mesh_switch_1_ad9325e36b,6,1,8.24421937083843,1024,1365,1707,2048
decode_qwen_bs4_expanded_parallel,decode,Qwen3_235b_a22b,4,expanded_parallel,2,stacked_gpu_wgmma,torus_mesh_switch_1,4,1,,64,4,4,1,1,1,1,False,1,none,6.89029693603516e-05,2.06425380706787,0.0057373046875,91.0665545677354,364.266218270942,Qwen3_235b_a22b_stacked_gpu_wgmma_torus_mesh_switch_1_cf829dc8d0,126,1,6.36296897022293,1024,1365,1707,2048
decode_qwen_bs4_module_flexible,decode,Qwen3_235b_a22b,4,module_flexible,3,stacked_gpu_wgmma,torus_mesh_switch_1,4,1,,64,4,4,1,1,1,1,False,1,none,6.89029693603516e-05,2.06425380706787,0.0057373046875,91.0665545677354,364.266218270942,Qwen3_235b_a22b_stacked_gpu_wgmma_torus_mesh_switch_1_cf829dc8d0,252,1,6.36296897022293,1024,1365,1707,2048
decode_qwen_bs16_astra_space,decode,Qwen3_235b_a22b,16,astra_space,1,stacked_gpu_wgmma,torus_mesh_switch_1,16,1,,128,1,1,1,1,1,2,False,1,none,0.0003061294555664,3.61904096603394,0.02294921875,61.2088364304932,979.341382887892,Qwen3_235b_a22b_stacked_gpu_wgmma_torus_mesh_switch_1_3fbfe3cc10,12,1,0.0702604883271785,1024,1365,1707,2048
decode_qwen_bs16_expanded_parallel,decode,Qwen3_235b_a22b,16,expanded_parallel,2,stacked_gpu_wgmma,torus_mesh_switch_1,16,1,,64,4,4,1,1,1,1,False,1,none,0.0002756118774414,2.06425380706787,0.02294921875,78.1177261838105,1249.88361894097,Qwen3_235b_a22b_stacked_gpu_wgmma_torus_mesh_switch_1_88a911bca2,268,1,6.33037551020416,1024,1365,1707,2048
decode_qwen_bs16_module_flexible,decode,Qwen3_235b_a22b,16,module_flexible,3,stacked_gpu_wgmma,torus_mesh_switch_1,16,1,,64,4,4,1,1,1,1,False,1,none,0.0002756118774414,2.06425380706787,0.02294921875,78.1177261838105,1249.88361894097,Qwen3_235b_a22b_stacked_gpu_wgmma_torus_mesh_switch_1_88a911bca2,536,1,6.33037551020416,1024,1365,1707,2048
decode_qwen_bs64_astra_space,decode,Qwen3_235b_a22b,64,astra_space,1,stacked_gpu_wgmma,torus_mesh_switch_1,64,1,,64,1,1,1,1,1,4,False,1,none,0.0011024475097656,7.02128505706787,0.091796875,45.3389434851828,2901.6923830517,Qwen3_235b_a22b_stacked_gpu_wgmma_torus_mesh_switch_1_300f80789b,18,1,0.0891597880411488,1024,1365,1707,2048
decode_qwen_bs64_expanded_parallel,decode,Qwen3_235b_a22b,64,expanded_parallel,2,stacked_gpu_wgmma,torus_mesh_switch_1,64,1,,8,32,32,1,1,1,1,False,1,none,0.0009956359863281,3.43004608154297,0.091796875,58.9828572990721,3774.90286714062,Qwen3_235b_a22b_stacked_gpu_wgmma_torus_mesh_switch_1_cd42f0ee1e,380,1,5.43750476730214,1024,1365,1707,2048
decode_qwen_bs64_module_flexible,decode,Qwen3_235b_a22b,64,module_flexible,3,stacked_gpu_wgmma,torus_mesh_switch_1,64,1,,32,8,8,1,1,1,1,False,1,replace_only,0.0010414123535156,2.25936698913574,0.091796875,70.4359308690824,4507.89957562128,Qwen3_235b_a22b_stacked_gpu_wgmma_torus_mesh_switch_1_21137564e7,760,1,2.03904765577408,1024,1365,1707,2048
decode_qwen_bs128_astra_space,decode,Qwen3_235b_a22b,128,astra_space,1,stacked_gpu_wgmma,torus_mesh_switch_1,64,1,,32,1,1,1,1,1,4,False,2,none,0.0020828247070312,6.97538661956787,0.18359375,36.071973340378,4617.21258756839,Qwen3_235b_a22b_stacked_gpu_wgmma_torus_mesh_switch_1_74c807ed69,21,1,2.06702284124722,1024,1365,1707,2048
decode_qwen_bs128_expanded_parallel,decode,Qwen3_235b_a22b,128,expanded_parallel,2,stacked_gpu_wgmma,torus_mesh_switch_1,64,1,,4,32,32,1,1,1,1,False,2,none,0.0019760131835937,3.38414764404297,0.18359375,49.6145260164751,6350.65933010881,Qwen3_235b_a22b_stacked_gpu_wgmma_torus_mesh_switch_1_9b2b323418,408,1,3.37690045422085,1024,1365,1707,2048
decode_qwen_bs128_module_flexible,decode,Qwen3_235b_a22b,128,module_flexible,3,stacked_gpu_wgmma,torus_mesh_switch_1,128,1,,16,8,8,1,1,1,2,False,1,replace_only,0.0020217895507812,4.30193710327148,0.18359375,56.1272092282322,7184.28278121372,Qwen3_235b_a22b_stacked_gpu_wgmma_torus_mesh_switch_1_01d856fd3b,816,1,0.0644306394608551,1024,1365,1707,2048
decode_qwen_bs512_astra_space,decode,Qwen3_235b_a22b,512,astra_space,1,stacked_gpu_wgmma,torus_mesh_switch_1,128,1,,16,1,1,1,1,1,4,False,4,none,0.008087158203125,7.09770202636719,0.734375,20.6165594019353,10555.6784137909,Qwen3_235b_a22b_stacked_gpu_wgmma_torus_mesh_switch_1_4e34ad4b45,23,1,1.80150410035228,1024,1365,1707,2048
decode_qwen_bs512_expanded_parallel,decode,Qwen3_235b_a22b,512,expanded_parallel,2,stacked_gpu_wgmma,torus_mesh_switch_1,256,1,,2,64,64,1,1,1,1,False,2,none,0.00787353515625,4.94505310058594,0.734375,36.3373012712108,18604.6982508599,Qwen3_235b_a22b_stacked_gpu_wgmma_torus_mesh_switch_1_524e50a7b0,392,1,7.66666314666501,1024,1365,1707,2048
decode_qwen_bs512_module_flexible,decode,Qwen3_235b_a22b,512,module_flexible,3,stacked_gpu_wgmma,torus_mesh_switch_1,256,1,,8,16,16,1,1,1,1,False,2,replace_only,0.007965087890625,2.60369491577148,0.734375,46.7015821031886,23911.2100368325,Qwen3_235b_a22b_stacked_gpu_wgmma_torus_mesh_switch_1_be9a2e87a2,784,1,1.32917189307646,1024,1365,1707,2048
decode_qwen_bs1024_astra_space,decode,Qwen3_235b_a22b,1024,astra_space,1,stacked_gpu_wgmma,torus_mesh_switch_1,128,1,,16,1,1,1,1,1,2,False,8,none,0.01617431640625,3.61135101318359,1.46875,14.6806374961586,15032.9727960664,Qwen3_235b_a22b_stacked_gpu_wgmma_torus_mesh_switch_1_484789ef46,17,1,0.018547771202948,1024,1365,1707,2048
decode_qwen_bs1024_expanded_parallel,decode,Qwen3_235b_a22b,1024,expanded_parallel,2,stacked_gpu_wgmma,torus_mesh_switch_1,512,1,,2,64,64,1,1,1,1,False,2,none,0.0157470703125,4.94505310058594,1.46875,27.9581316318297,28629.1267909936,Qwen3_235b_a22b_stacked_gpu_wgmma_torus_mesh_switch_1_bbc1a3c1c6,306,1,10.3595769602316,1024,1365,1707,2048
decode_qwen_bs1024_module_flexible,decode,Qwen3_235b_a22b,1024,module_flexible,3,stacked_gpu_wgmma,torus_mesh_switch_1,512,1,,4,32,32,1,1,1,1,False,2,replace_only,0.01580810546875,3.38414764404297,1.46875,33.9183207307615,34732.3604282998,Qwen3_235b_a22b_stacked_gpu_wgmma_torus_mesh_switch_1_e8a38e0472,612,1,1.7102517943317,1024,1365,1707,2048
prefill_deepseek_bs1_astra_space,prefill,DeepSeekV3,1,astra_space,1,stacked_gpu_wgmma,torus_mesh_switch_1,1,1024,1024,256,1,1,1,1,1,1,False,1,none,0.0295486450195312,3.77974247932434,6.54458999633789e-05,2664.42856552344,2664.42856552344,DeepSeekV3_stacked_gpu_wgmma_torus_mesh_switch_1_84e3ed977b,1,1,,,,,
prefill_deepseek_bs1_expanded_parallel,prefill,DeepSeekV3,1,expanded_parallel,2,stacked_gpu_wgmma,torus_mesh_switch_1,1,1024,1024,8,16,1,16,2,1,1,False,1,none,0.0145263671875,7.82862377166748,6.54458999633789e-05,10704.1250617901,10704.1250617901,DeepSeekV3_stacked_gpu_wgmma_torus_mesh_switch_1_bdfb4ec1c1,17,1,0.474670326324989,,,,
prefill_deepseek_bs1_module_flexible,prefill,DeepSeekV3,1,module_flexible,3,stacked_gpu_wgmma,torus_mesh_switch_1,1,1024,1024,16,16,1,16,1,1,1,False,1,replace_only,0.033447265625,6.81042242050171,6.54458999633789e-05,13114.5145611301,13114.5145611301,DeepSeekV3_stacked_gpu_wgmma_torus_mesh_switch_1_61dcd5322a,23,1,0.123214636702251,,,,
prefill_deepseek_bs4_astra_space,prefill,DeepSeekV3,4,astra_space,1,stacked_gpu_wgmma,torus_mesh_switch_1,2,1024,1024,64,1,1,1,1,1,2,False,2,none,0.035430908203125,5.58275806903839,6.54458999633789e-05,2516.9268137018,10067.7072548072,DeepSeekV3_stacked_gpu_wgmma_torus_mesh_switch_1_8a931615e2,5,1,3.1308216602143,,,,
prefill_deepseek_bs4_expanded_parallel,prefill,DeepSeekV3,4,expanded_parallel,2,stacked_gpu_wgmma,torus_mesh_switch_1,1,1024,1024,8,4,1,4,2,1,1,False,4,none,0.0145263671875,5.78938293457031,6.54458999633789e-05,6872.45298867498,27489.8119546999,DeepSeekV3_stacked_gpu_wgmma_torus_mesh_switch_1_110d18fe52,121,1,0.320240446031661,,,,
prefill_deepseek_bs4_module_flexible,prefill,DeepSeekV3,4,module_flexible,3,stacked_gpu_wgmma,torus_mesh_switch_1,2,1024,1024,32,2,1,2,2,1,1,False,2,replace_only,0.0225830078125,6.84666657447815,6.54458999633789e-05,14155.8905214736,56623.5620858945,DeepSeekV3_stacked_gpu_wgmma_torus_mesh_switch_1_098c83f2e0,223,1,0.814603763420352,,,,
prefill_deepseek_bs8_astra_space,prefill,DeepSeekV3,8,astra_space,1,stacked_gpu_wgmma,torus_mesh_switch_1,2,1024,1024,32,1,1,1,1,1,2,False,4,none,0.04327392578125,5.44307899475098,6.54458999633789e-05,2561.16910904698,20489.3528723758,DeepSeekV3_stacked_gpu_wgmma_torus_mesh_switch_1_1ba8f41dce,7,1,15.4464947462958,,,,
prefill_deepseek_bs8_expanded_parallel,prefill,DeepSeekV3,8,expanded_parallel,2,stacked_gpu_wgmma,torus_mesh_switch_1,2,1024,1024,4,8,1,8,2,1,1,False,4,none,0.021484375,6.25448608398438,6.54458999633789e-05,5600.77530347216,44806.2024277773,DeepSeekV3_stacked_gpu_wgmma_torus_mesh_switch_1_e0c988aee8,190,1,0.4879493537297,,,,
prefill_deepseek_bs8_module_flexible,prefill,DeepSeekV3,8,module_flexible,3,stacked_gpu_wgmma,torus_mesh_switch_1,2,1024,1024,16,2,1,2,2,1,1,False,4,replace_only,0.0303955078125,6.13505554199219,6.54458999633789e-05,10372.7397179086,82981.917743269,DeepSeekV3_stacked_gpu_wgmma_torus_mesh_switch_1_dd2c5a3c6b,361,1,0.918122409815225,,,,
prefill_deepseek_bs16_astra_space,prefill,DeepSeekV3,16,astra_space,1,stacked_gpu_wgmma,torus_mesh_switch_1,2,1024,1024,16,1,1,1,1,1,2,False,8,none,0.0589599609375,5.61989212036133,6.54458999633789e-05,1977.54217528723,31640.6748045956,DeepSeekV3_stacked_gpu_wgmma_torus_mesh_switch_1_c006498a43,9,1,1.16273971726268,,,,
prefill_deepseek_bs16_expanded_parallel,prefill,DeepSeekV3,16,expanded_parallel,2,stacked_gpu_wgmma,torus_mesh_switch_1,2,1024,1024,4,4,1,4,2,1,1,False,8,none,0.02264404296875,5.99851989746094,6.54458999633789e-05,3747.51233367651,59960.1973388242,DeepSeekV3_stacked_gpu_wgmma_torus_mesh_switch_1_48d322570a,260,1,0.327017839385391,,,,
prefill_deepseek_bs16_module_flexible,prefill,DeepSeekV3,16,module_flexible,3,stacked_gpu_wgmma,torus_mesh_switch_1,4,1024,1024,8,4,1,4,2,1,1,False,4,replace_only,0.0303955078125,6.32771301269531,6.54458999633789e-05,7239.19760513499,115827.16168216,DeepSeekV3_stacked_gpu_wgmma_torus_mesh_switch_1_f7dfd741c0,501,1,0.33727226064264,,,,
prefill_deepseek_bs64_astra_space,prefill,DeepSeekV3,64,astra_space,1,stacked_gpu_wgmma,torus_mesh_switch_1,2,1024,1024,4,1,1,1,1,1,2,False,32,none,0.153076171875,5.54763412475586,6.54458999633789e-05,1138.60197321367,72870.5262856747,DeepSeekV3_stacked_gpu_wgmma_torus_mesh_switch_1_4ae3b56dec,13,1,8.0672704481308,,,,
prefill_deepseek_bs64_expanded_parallel,prefill,DeepSeekV3,64,expanded_parallel,2,stacked_gpu_wgmma,torus_mesh_switch_1,8,1024,1024,2,8,1,8,2,1,1,False,8,none,0.0455322265625,6.51681518554688,6.54458999633789e-05,2219.84548991273,142070.111354415,DeepSeekV3_stacked_gpu_wgmma_torus_mesh_switch_1_33cc261be4,376,1,0.249914273892793,,,,
prefill_deepseek_bs64_module_flexible,prefill,DeepSeekV3,64,module_flexible,3,stacked_gpu_wgmma,torus_mesh_switch_1,8,1024,1024,2,8,1,8,2,1,1,False,8,replace_only,0.0460205078125,6.68087768554688,6.54458999633789e-05,2532.48653457952,162079.138213089,DeepSeekV3_stacked_gpu_wgmma_torus_mesh_switch_1_72bc21350d,733,1,0.285011658171108,,,,
prefill_deepseek_bs128_astra_space,prefill,DeepSeekV3,128,astra_space,1,stacked_gpu_wgmma,torus_mesh_switch_1,4,1024,1024,4,1,1,1,1,1,2,False,32,none,0.30615234375,5.54763412475586,0.0001308917999267,666.649743227234,85331.167133086,DeepSeekV3_stacked_gpu_wgmma_torus_mesh_switch_1_bc4af6fb65,14,1,0.713189440441264,,,,
prefill_deepseek_bs128_expanded_parallel,prefill,DeepSeekV3,128,expanded_parallel,2,stacked_gpu_wgmma,torus_mesh_switch_1,16,1024,1024,1,16,1,16,2,1,1,False,8,none,0.0859375,7.59954833984375,6.54458999633789e-05,1355.40762643066,173492.176183124,DeepSeekV3_stacked_gpu_wgmma_torus_mesh_switch_1_7289354272,404,1,0.298916223420465,,,,
prefill_deepseek_bs128_module_flexible,prefill,DeepSeekV3,128,module_flexible,3,stacked_gpu_wgmma,torus_mesh_switch_1,16,1024,1024,1,16,1,16,2,1,1,False,8,none,0.0859375,7.59954833984375,6.54458999633789e-05,1355.40762643066,173492.176183124,DeepSeekV3_stacked_gpu_wgmma_torus_mesh_switch_1_7289354272,792,2,0.298916223420465,,,,
prefill_deepseek_bs1024_astra_space,prefill,DeepSeekV3,1024,astra_space,1,stacked_gpu_wgmma,torus_mesh_switch_1,16,1024,1024,2,1,1,1,1,1,2,False,64,none,2.228515625,5.61129379272461,0.000523567199707,110.762610346731,113420.912995053,DeepSeekV3_stacked_gpu_wgmma_torus_mesh_switch_1_ca33f7a472,6,1,10.1133525461468,,,,
prefill_deepseek_bs1024_expanded_parallel,prefill,DeepSeekV3,1024,expanded_parallel,2,stacked_gpu_wgmma,torus_mesh_switch_1,64,1024,1024,1,16,1,16,1,1,1,False,16,none,0.6875,4.02340698242188,0.0002617835998535,165.956378719633,169939.331808905,DeepSeekV3_stacked_gpu_wgmma_torus_mesh_switch_1_480aeb633b,310,1,0.083921063597614,,,,
prefill_deepseek_bs1024_module_flexible,prefill,DeepSeekV3,1024,module_flexible,3,stacked_gpu_wgmma,torus_mesh_switch_1,128,1024,1024,2,8,1,8,1,1,2,False,8,replace_only,0.6875,6.68087768554688,0.000523567199707,166.452358649657,170447.215257249,DeepSeekV3_stacked_gpu_wgmma_torus_mesh_switch_1_afab1983a2,654,1,0.000116336852840071,,,,
prefill_qwen_bs1_astra_space,prefill,Qwen3_235b_a22b,1,astra_space,1,stacked_gpu_wgmma,torus_mesh_switch_1,1,1024,1024,256,1,1,1,1,1,1,False,1,none,0.03125,1.91791892051697,7.0035457611084e-07,5148.53324096101,5148.53324096101,Qwen3_235b_a22b_stacked_gpu_wgmma_torus_mesh_switch_1_23672c13d0,1,1,,,,,
prefill_qwen_bs1_expanded_parallel,prefill,Qwen3_235b_a22b,1,expanded_parallel,2,stacked_gpu_wgmma,torus_mesh_switch_1,1,1024,1024,64,2,1,2,1,2,1,False,1,none,0.015625,3.71659755706787,2.80141830444336e-06,12713.8872754913,12713.8872754913,Qwen3_235b_a22b_stacked_gpu_wgmma_torus_mesh_switch_1_d187391bc3,28,1,0.787186231344972,,,,
prefill_qwen_bs1_module_flexible,prefill,Qwen3_235b_a22b,1,module_flexible,3,stacked_gpu_wgmma,torus_mesh_switch_1,1,1024,1024,64,2,1,2,1,2,1,False,1,replace_only,0.015625,3.71659755706787,2.80141830444336e-06,28473.7901283631,28473.7901283631,Qwen3_235b_a22b_stacked_gpu_wgmma_torus_mesh_switch_1_8a1c5fc1d9,56,1,0.193397553724295,,,,
prefill_qwen_bs4_astra_space,prefill,Qwen3_235b_a22b,4,astra_space,1,stacked_gpu_wgmma,torus_mesh_switch_1,2,1024,1024,64,1,1,1,1,1,2,False,2,none,0.03125,3.57314252853394,2.80141830444336e-06,4919.84694261524,19679.387770461,Qwen3_235b_a22b_stacked_gpu_wgmma_torus_mesh_switch_1_d9b1ab2545,6,1,1.42109496373113,,,,
prefill_qwen_bs4_expanded_parallel,prefill,Qwen3_235b_a22b,4,expanded_parallel,2,stacked_gpu_wgmma,torus_mesh_switch_1,1,1024,1024,4,4,1,4,4,1,1,False,4,none,0.0078125,7.69549560546875,4.48226928710938e-05,10776.2634615823,43105.0538463291,Qwen3_235b_a22b_stacked_gpu_wgmma_torus_mesh_switch_1_80c60fde0f,219,1,0.31483437165124,,,,
prefill_qwen_bs4_module_flexible,prefill,Qwen3_235b_a22b,4,module_flexible,3,stacked_gpu_wgmma,torus_mesh_switch_1,4,1024,1024,64,1,1,1,1,1,4,False,1,replace_only,0.03125,7.02128505706787,2.80141830444336e-06,17324.8923724489,69299.5694897957,Qwen3_235b_a22b_stacked_gpu_wgmma_torus_mesh_switch_1_0c7fcdd563,438,1,1.44586427633178,,,,
prefill_qwen_bs8_astra_space,prefill,Qwen3_235b_a22b,8,astra_space,1,stacked_gpu_wgmma,torus_mesh_switch_1,2,1024,1024,32,1,1,1,1,1,2,False,4,none,0.03125,3.62306976318359,5.60283660888672e-06,5438.06522864657,43504.5218291726,Qwen3_235b_a22b_stacked_gpu_wgmma_torus_mesh_switch_1_a689d554e5,9,1,0.267554330434294,,,,
prefill_qwen_bs8_expanded_parallel,prefill,Qwen3_235b_a22b,8,expanded_parallel,2,stacked_gpu_wgmma,torus_mesh_switch_1,2,1024,1024,4,4,1,4,4,1,1,False,4,none,0.007843017578125,7.69549560546875,4.48226928710938e-05,10137.5747771311,81100.5982170486,Qwen3_235b_a22b_stacked_gpu_wgmma_torus_mesh_switch_1_b40fc85829,343,1,0.296230011369092,,,,
prefill_qwen_bs8_module_flexible,prefill,Qwen3_235b_a22b,8,module_flexible,3,stacked_gpu_wgmma,torus_mesh_switch_1,2,1024,1024,16,1,1,1,2,1,2,False,4,replace_only,0.0313720703125,7.09770202636719,1.12056732177734e-05,12811.9488522216,102495.590817773,Qwen3_235b_a22b_stacked_gpu_wgmma_torus_mesh_switch_1_e62332d409,686,1,1.10021624777656,,,,
prefill_qwen_bs16_astra_space,prefill,Qwen3_235b_a22b,16,astra_space,1,stacked_gpu_wgmma,torus_mesh_switch_1,4,1024,1024,16,1,1,1,1,1,4,False,4,none,0.039306640625,7.09770202636719,1.12056732177734e-05,5024.1785374543,80386.8565992688,Qwen3_235b_a22b_stacked_gpu_wgmma_torus_mesh_switch_1_f5a792132c,12,1,4.68152519657801,,,,
prefill_qwen_bs16_expanded_parallel,prefill,Qwen3_235b_a22b,16,expanded_parallel,2,stacked_gpu_wgmma,torus_mesh_switch_1,4,1024,1024,4,4,1,4,4,1,1,False,4,none,0.01568603515625,7.69549560546875,4.48226928710938e-05,8573.72411719742,137179.585875159,Qwen3_235b_a22b_stacked_gpu_wgmma_torus_mesh_switch_1_f57eec3dd3,467,1,0.250647279640903,,,,
prefill_qwen_bs16_module_flexible,prefill,Qwen3_235b_a22b,16,module_flexible,3,stacked_gpu_wgmma,torus_mesh_switch_1,4,1024,1024,4,4,1,4,4,1,1,False,4,replace_only,0.01568603515625,7.69549560546875,4.48226928710938e-05,10206.0577544041,163296.924070465,Qwen3_235b_a22b_stacked_gpu_wgmma_torus_mesh_switch_1_769096573e,934,1,0.298225184129175,,,,
prefill_qwen_bs64_astra_space,prefill,Qwen3_235b_a22b,64,astra_space,1,stacked_gpu_wgmma,torus_mesh_switch_1,2,1024,1024,4,1,1,1,1,1,2,False,32,none,0.109619140625,3.60256195068359,4.48226928710938e-05,2344.59399390559,150054.015609958,Qwen3_235b_a22b_stacked_gpu_wgmma_torus_mesh_switch_1_8c49c7c4dd,18,1,5.81038055768004,,,,
prefill_qwen_bs64_expanded_parallel,prefill,Qwen3_235b_a22b,64,expanded_parallel,2,stacked_gpu_wgmma,torus_mesh_switch_1,4,1024,1024,2,4,1,4,2,1,1,False,16,none,0.0548095703125,3.90438842773438,8.96453857421875e-05,2881.48850089665,184415.264057386,Qwen3_235b_a22b_stacked_gpu_wgmma_torus_mesh_switch_1_80a71286a1,653,1,0.186946607633198,,,,
prefill_qwen_bs64_module_flexible,prefill,Qwen3_235b_a22b,64,module_flexible,3,stacked_gpu_wgmma,torus_mesh_switch_1,16,1024,1024,4,4,1,4,1,1,4,False,4,replace_only,0.062744140625,7.69549560546875,4.48226928710938e-05,2973.54138371529,190306.648557779,Qwen3_235b_a22b_stacked_gpu_wgmma_torus_mesh_switch_1_755da72358,1306,1,0.0641012955183262,,,,
prefill_qwen_bs128_astra_space,prefill,Qwen3_235b_a22b,128,astra_space,1,stacked_gpu_wgmma,torus_mesh_switch_1,8,1024,1024,4,1,1,1,1,1,4,False,16,none,0.21923828125,7.08012390136719,8.96453857421875e-05,1393.02673482399,178307.422057471,Qwen3_235b_a22b_stacked_gpu_wgmma_torus_mesh_switch_1_5afa31f6b5,20,1,0.00358419461771176,,,,
prefill_qwen_bs128_expanded_parallel,prefill,Qwen3_235b_a22b,128,expanded_parallel,2,stacked_gpu_wgmma,torus_mesh_switch_1,4,1024,1024,1,4,1,4,2,1,1,False,32,none,0.1016845703125,3.90145874023438,0.0001792907714843,1572.00428324121,201216.548254875,Qwen3_235b_a22b_stacked_gpu_wgmma_torus_mesh_switch_1_96bfdd1ec8,683,1,0.199134024835923,,,,
prefill_qwen_bs128_module_flexible,prefill,Qwen3_235b_a22b,128,module_flexible,3,stacked_gpu_wgmma,torus_mesh_switch_1,4,1024,1024,1,4,1,4,2,1,1,False,32,none,0.1016845703125,3.90145874023438,0.0001792907714843,1572.00428324121,201216.548254875,Qwen3_235b_a22b_stacked_gpu_wgmma_torus_mesh_switch_1_96bfdd1ec8,1366,2,0.199134024835923,,,,
prefill_qwen_bs1024_astra_space,prefill,Qwen3_235b_a22b,1024,astra_space,1,stacked_gpu_wgmma,torus_mesh_switch_1,32,1024,1024,4,1,1,1,1,1,2,False,32,none,1.75390625,3.60256195068359,0.0007171630859375,185.541674329435,189994.674513341,Qwen3_235b_a22b_stacked_gpu_wgmma_torus_mesh_switch_1_4af2b68f1f,12,1,11.0955783529993,,,,
prefill_qwen_bs1024_expanded_parallel,prefill,Qwen3_235b_a22b,1024,expanded_parallel,2,stacked_gpu_wgmma,torus_mesh_switch_1,64,1024,1024,1,1,1,1,1,1,16,True,16,none,1.5634765625,1.86834716796875,0.0007171630859375,203.831879728749,208723.844842239,Qwen3_235b_a22b_stacked_gpu_wgmma_torus_mesh_switch_1_c5871e459d,450,1,0.000524466230500398,,,,
prefill_qwen_bs1024_module_flexible,prefill,Qwen3_235b_a22b,1024,module_flexible,3,stacked_gpu_wgmma,torus_mesh_switch_1,64,1024,1024,1,1,1,1,1,1,16,True,16,none,1.5634765625,1.86834716796875,0.0007171630859375,203.831879728749,208723.844842239,Qwen3_235b_a22b_stacked_gpu_wgmma_torus_mesh_switch_1_c5871e459d,943,2,0.000524466230500398,,,,
