hw_idx,m,n,L1_mult,L2_mult,L3_mult,sm_count,tp,ep,dp,pp,fsdp,tp_transform_moe,scaled_stps_avg
1,9,9,0.7,0.5,1.7,4,16,16,1,1,False,replace_only,492.47566553896445
1,9,9,0.7,0.5,1.8,4,16,16,1,1,False,replace_only,492.47566553896445
1,9,9,0.7,0.5,1.9,4,16,16,1,1,False,replace_only,492.47566553896445
1,9,9,0.7,0.5,2.0,4,16,16,1,1,False,replace_only,492.47566553896445
1,9,9,0.7,0.5,2.1,4,16,16,1,1,False,replace_only,492.47566553896445
1,9,9,0.7,0.5,2.2,4,16,16,1,1,False,replace_only,492.47566553896445
1,9,9,0.7,0.5,2.3,4,16,16,1,1,False,replace_only,492.47566553896445
1,9,9,0.7,0.6,1.7,4,16,16,1,1,False,replace_only,493.16878780764523
1,9,9,0.7,0.6,1.8,4,16,16,1,1,False,replace_only,493.16878780764523
1,9,9,0.7,0.6,1.9,4,16,16,1,1,False,replace_only,493.16878780764523
1,9,9,0.7,0.6,2.0,4,16,16,1,1,False,replace_only,493.16878780764523
1,9,9,0.7,0.6,2.1,4,16,16,1,1,False,replace_only,493.16878780764523
1,9,9,0.7,0.6,2.2,4,16,16,1,1,False,replace_only,493.16878780764523
1,9,9,0.7,0.6,2.3,4,16,16,1,1,False,replace_only,493.16878780764523
1,9,9,0.7,0.7,1.7,4,16,16,1,1,False,replace_only,493.6650708869681
1,9,9,0.7,0.7,1.8,4,16,16,1,1,False,replace_only,493.6650708869681
1,9,9,0.7,0.7,1.9,4,16,16,1,1,False,replace_only,493.6650708869681
1,9,9,0.7,0.7,2.0,4,16,16,1,1,False,replace_only,493.6650708869681
1,9,9,0.7,0.7,2.1,4,16,16,1,1,False,replace_only,493.6650708869681
1,9,9,0.7,0.7,2.2,4,16,16,1,1,False,replace_only,493.6650708869681
1,9,9,0.7,0.7,2.3,3,16,16,1,1,False,replace_only,455.442578585336
1,9,9,0.7,0.8,1.7,4,16,16,1,1,False,replace_only,493.8163345985441
1,9,9,0.7,0.8,1.8,4,16,16,1,1,False,replace_only,493.9157504530265
1,9,9,0.7,0.8,1.9,4,16,16,1,1,False,replace_only,494.0047354182187
1,9,9,0.7,0.8,2.0,4,16,16,1,1,False,replace_only,494.0379391938013
1,9,9,0.7,0.8,2.1,3,16,16,1,1,False,replace_only,455.6878981804009
1,9,9,0.7,0.8,2.2,3,16,16,1,1,False,replace_only,455.6878981804009
1,9,9,0.7,0.8,2.3,3,16,16,1,1,False,replace_only,455.6878981804009
1,9,9,0.7,0.9,1.7,4,16,16,1,1,False,replace_only,493.9321491736911
1,9,9,0.7,0.9,1.8,4,16,16,1,1,False,replace_only,494.03161167150654
1,9,9,0.7,0.9,1.9,4,16,16,1,1,False,replace_only,494.12063839409694
1,9,9,0.7,0.9,2.0,3,16,16,1,1,False,replace_only,455.80655486254847
1,9,9,0.7,0.9,2.1,3,16,16,1,1,False,replace_only,455.8476931513213
1,9,9,0.7,0.9,2.2,3,16,16,1,1,False,replace_only,455.8788851136201
1,9,9,0.7,0.9,2.3,3,16,16,1,1,False,replace_only,455.8788851136201
1,9,9,0.7,1.0,1.7,4,16,16,1,1,False,replace_only,494.02483995539706
1,9,9,0.7,1.0,1.8,3,16,16,1,1,False,replace_only,455.78422963197664
1,9,9,0.7,1.0,1.9,3,16,16,1,1,False,replace_only,455.83474642785995
1,9,9,0.7,1.0,2.0,3,16,16,1,1,False,replace_only,455.8802211203047
1,9,9,0.7,1.0,2.1,3,16,16,1,1,False,replace_only,455.9213727092774
1,9,9,0.7,1.0,2.2,3,16,16,1,1,False,replace_only,455.95878969279954
1,9,9,0.7,1.0,2.3,3,16,16,1,1,False,replace_only,455.99295839015986
1,9,9,0.7,1.1,1.7,3,16,16,1,1,False,replace_only,455.7880327216434
1,9,9,0.7,1.1,1.8,3,16,16,1,1,False,replace_only,455.8444943486331
1,9,9,0.7,1.1,1.9,3,16,16,1,1,False,replace_only,455.89502450621285
1,9,9,0.7,1.1,2.0,3,16,16,1,1,False,replace_only,455.94051122798476
1,9,9,0.7,1.1,2.1,3,16,16,1,1,False,replace_only,455.98167370373784
1,9,9,0.7,1.1,2.2,3,16,16,1,1,False,replace_only,456.0191005868922
1,9,9,0.7,1.1,2.3,3,16,16,1,1,False,replace_only,456.0532783251765
1,9,9,0.8,0.5,1.7,4,16,16,1,1,False,replace_only,492.4876108581827
1,9,9,0.8,0.5,1.8,4,16,16,1,1,False,replace_only,492.4876108581827
1,9,9,0.8,0.5,1.9,4,16,16,1,1,False,replace_only,492.4876108581827
1,9,9,0.8,0.5,2.0,4,16,16,1,1,False,replace_only,492.4876108581827
1,9,9,0.8,0.5,2.1,4,16,16,1,1,False,replace_only,492.4876108581827
1,9,9,0.8,0.5,2.2,4,16,16,1,1,False,replace_only,492.4876108581827
1,9,9,0.8,0.5,2.3,4,16,16,1,1,False,replace_only,492.4876108581827
1,9,9,0.8,0.6,1.7,4,16,16,1,1,False,replace_only,493.18076677609065
1,9,9,0.8,0.6,1.8,4,16,16,1,1,False,replace_only,493.18076677609065
1,9,9,0.8,0.6,1.9,4,16,16,1,1,False,replace_only,493.18076677609065
1,9,9,0.8,0.6,2.0,4,16,16,1,1,False,replace_only,493.18076677609065
1,9,9,0.8,0.6,2.1,4,16,16,1,1,False,replace_only,493.18076677609065
1,9,9,0.8,0.6,2.2,4,16,16,1,1,False,replace_only,493.18076677609065
1,9,9,0.8,0.6,2.3,4,16,16,1,1,False,replace_only,493.18076677609065
1,9,9,0.8,0.7,1.7,4,16,16,1,1,False,replace_only,493.6770739777038
1,9,9,0.8,0.7,1.8,4,16,16,1,1,False,replace_only,493.6770739777038
1,9,9,0.8,0.7,1.9,4,16,16,1,1,False,replace_only,493.6770739777038
1,9,9,0.8,0.7,2.0,4,16,16,1,1,False,replace_only,493.6770739777038
1,9,9,0.8,0.7,2.1,4,16,16,1,1,False,replace_only,493.6770739777038
1,9,9,0.8,0.7,2.2,4,16,16,1,1,False,replace_only,493.6770739777038
1,9,9,0.8,0.7,2.3,3,16,16,1,1,False,replace_only,455.45075212941106
1,9,9,0.8,0.8,1.7,4,16,16,1,1,False,replace_only,493.8283450464153
1,9,9,0.8,0.8,1.8,4,16,16,1,1,False,replace_only,493.92776573749467
1,9,9,0.8,0.8,1.9,4,16,16,1,1,False,replace_only,494.0167550326452
1,9,9,0.8,0.8,2.0,4,16,16,1,1,False,replace_only,494.0499604241048
1,9,9,0.8,0.8,2.1,3,16,16,1,1,False,replace_only,455.6960805329167
1,9,9,0.8,0.8,2.2,3,16,16,1,1,False,replace_only,455.6960805329167
1,9,9,0.8,0.8,2.3,3,16,16,1,1,False,replace_only,455.6960805329167
1,9,9,0.8,0.9,1.7,4,16,16,1,1,False,replace_only,493.9441652560531
1,9,9,0.8,0.9,1.8,4,16,16,1,1,False,replace_only,494.04363259387003
1,9,9,0.8,0.9,1.9,3,16,16,1,1,False,replace_only,455.76927984776836
1,9,9,0.8,0.9,2.0,3,16,16,1,1,False,replace_only,455.81474147725146
1,9,9,0.8,0.9,2.1,3,16,16,1,1,False,replace_only,455.85588124398436
1,9,9,0.8,0.9,2.2,3,16,16,1,1,False,replace_only,455.88707432699414
1,9,9,0.8,0.9,2.3,3,16,16,1,1,False,replace_only,455.88707432699414
1,9,9,0.8,1.0,1.7,4,16,16,1,1,False,replace_only,494.03686054820724
1,9,9,0.8,1.0,1.8,3,16,16,1,1,False,replace_only,455.79241544466515
1,9,9,0.8,1.0,1.9,3,16,16,1,1,False,replace_only,455.8429340553764
1,9,9,0.8,1.0,2.0,3,16,16,1,1,False,replace_only,455.88841038168255
1,9,9,0.8,1.0,2.1,3,16,16,1,1,False,replace_only,455.9295634493322
1,9,9,0.8,1.0,2.2,3,16,16,1,1,False,replace_only,455.9669817774537
1,9,9,0.8,1.0,2.3,3,16,16,1,1,False,replace_only,456.0011517027808
1,9,9,0.8,1.1,1.7,3,16,16,1,1,False,replace_only,455.79621867095193
1,9,9,0.8,1.1,1.8,3,16,16,1,1,False,replace_only,455.8526823263691
1,9,9,0.8,1.1,1.9,3,16,16,1,1,False,replace_only,455.9032142994971
1,9,9,0.8,1.1,2.0,3,16,16,1,1,False,replace_only,455.9487026557787
1,9,9,0.8,1.1,2.1,3,16,16,1,1,False,replace_only,455.98986661079556
1,9,9,0.8,1.1,2.2,3,16,16,1,1,False,replace_only,456.02729483908297
1,9,9,0.8,1.1,2.3,3,16,16,1,1,False,replace_only,456.0614738058217
1,9,9,0.9,0.5,1.7,4,16,16,1,1,False,replace_only,492.49690206266746
1,9,9,0.9,0.5,1.8,4,16,16,1,1,False,replace_only,492.49690206266746
1,9,9,0.9,0.5,1.9,4,16,16,1,1,False,replace_only,492.49690206266746
1,9,9,0.9,0.5,2.0,4,16,16,1,1,False,replace_only,492.49690206266746
1,9,9,0.9,0.5,2.1,4,16,16,1,1,False,replace_only,492.49690206266746
1,9,9,0.9,0.5,2.2,4,16,16,1,1,False,replace_only,492.49690206266746
1,9,9,0.9,0.5,2.3,4,16,16,1,1,False,replace_only,492.49690206266746
1,9,9,0.9,0.6,1.7,4,16,16,1,1,False,replace_only,493.1900841538905
1,9,9,0.9,0.6,1.8,4,16,16,1,1,False,replace_only,493.1900841538905
1,9,9,0.9,0.6,1.9,4,16,16,1,1,False,replace_only,493.1900841538905
1,9,9,0.9,0.6,2.0,4,16,16,1,1,False,replace_only,493.1900841538905
1,9,9,0.9,0.6,2.1,4,16,16,1,1,False,replace_only,493.1900841538905
1,9,9,0.9,0.6,2.2,4,16,16,1,1,False,replace_only,493.1900841538905
1,9,9,0.9,0.6,2.3,4,16,16,1,1,False,replace_only,493.1900841538905
1,9,9,0.9,0.7,1.7,4,16,16,1,1,False,replace_only,493.68641011850127
1,9,9,0.9,0.7,1.8,4,16,16,1,1,False,replace_only,493.68641011850127
1,9,9,0.9,0.7,1.9,4,16,16,1,1,False,replace_only,493.68641011850127
1,9,9,0.9,0.7,2.0,4,16,16,1,1,False,replace_only,493.68641011850127
1,9,9,0.9,0.7,2.1,4,16,16,1,1,False,replace_only,493.68641011850127
1,9,9,0.9,0.7,2.2,3,16,16,1,1,False,replace_only,455.45710953320383
1,9,9,0.9,0.7,2.3,3,16,16,1,1,False,replace_only,455.45710953320383
1,9,9,0.9,0.8,1.7,4,16,16,1,1,False,replace_only,493.83768690980025
1,9,9,0.9,0.8,1.8,4,16,16,1,1,False,replace_only,493.9371113629214
1,9,9,0.9,0.8,1.9,4,16,16,1,1,False,replace_only,494.02610402603597
1,9,9,0.9,0.8,2.0,4,16,16,1,1,False,replace_only,494.05931067437024
1,9,9,0.9,0.8,2.1,3,16,16,1,1,False,replace_only,455.702444788047
1,9,9,0.9,0.8,2.2,3,16,16,1,1,False,replace_only,455.702444788047
1,9,9,0.9,0.8,2.3,3,16,16,1,1,False,replace_only,455.702444788047
1,9,9,0.9,0.9,1.7,4,16,16,1,1,False,replace_only,493.9535115021042
1,9,9,0.9,0.9,1.8,4,16,16,1,1,False,replace_only,494.05298260461086
1,9,9,0.9,0.9,1.9,3,16,16,1,1,False,replace_only,455.77564614786604
1,9,9,0.9,0.9,2.0,3,16,16,1,1,False,replace_only,455.82110904757485
1,9,9,0.9,0.9,2.1,3,16,16,1,1,False,replace_only,455.8622499638874
1,9,9,0.9,0.9,2.2,3,16,16,1,1,False,replace_only,455.8934439186031
1,9,9,0.9,0.9,2.3,3,16,16,1,1,False,replace_only,455.8934439186031
1,9,9,0.9,1.0,1.7,4,16,16,1,1,False,replace_only,494.0462103026123
1,9,9,0.9,1.0,1.8,3,16,16,1,1,False,replace_only,455.7987823911699
1,9,9,0.9,1.0,1.9,3,16,16,1,1,False,replace_only,455.8493024134815
1,9,9,0.9,1.0,2.0,3,16,16,1,1,False,replace_only,455.89478001062946
1,9,9,0.9,1.0,2.1,3,16,16,1,1,False,replace_only,455.9359342284164
1,9,9,0.9,1.0,2.2,3,16,16,1,1,False,replace_only,455.9733536023874
1,9,9,0.9,1.0,2.3,3,16,16,1,1,False,replace_only,456.0075244828457
1,9,9,0.9,1.1,1.7,3,16,16,1,1,False,replace_only,455.80258572372156
1,9,9,0.9,1.1,1.8,3,16,16,1,1,False,replace_only,455.85905095688025
1,9,9,0.9,1.1,1.9,3,16,16,1,1,False,replace_only,455.9095843421689
1,9,9,0.9,1.1,2.0,3,16,16,1,1,False,replace_only,455.9550739697968
1,9,9,0.9,1.1,2.1,3,16,16,1,1,False,replace_only,455.99623907540723
1,9,9,0.9,1.1,2.2,3,16,16,1,1,False,replace_only,456.0336683499595
1,9,9,0.9,1.1,2.3,3,16,16,1,1,False,replace_only,456.0678482722085
1,9,9,1.0,0.5,1.7,4,16,16,1,1,False,replace_only,492.5043352786784
1,9,9,1.0,0.5,1.8,4,16,16,1,1,False,replace_only,492.5043352786784
1,9,9,1.0,0.5,1.9,4,16,16,1,1,False,replace_only,492.5043352786784
1,9,9,1.0,0.5,2.0,4,16,16,1,1,False,replace_only,492.5043352786784
1,9,9,1.0,0.5,2.1,4,16,16,1,1,False,replace_only,492.5043352786784
1,9,9,1.0,0.5,2.2,4,16,16,1,1,False,replace_only,492.5043352786784
1,9,9,1.0,0.5,2.3,4,16,16,1,1,False,replace_only,492.5043352786784
1,9,9,1.0,0.6,1.7,4,16,16,1,1,False,replace_only,493.1975383096211
1,9,9,1.0,0.6,1.8,4,16,16,1,1,False,replace_only,493.1975383096211
1,9,9,1.0,0.6,1.9,4,16,16,1,1,False,replace_only,493.1975383096211
1,9,9,1.0,0.6,2.0,4,16,16,1,1,False,replace_only,493.1975383096211
1,9,9,1.0,0.6,2.1,4,16,16,1,1,False,replace_only,493.1975383096211
1,9,9,1.0,0.6,2.2,4,16,16,1,1,False,replace_only,493.1975383096211
1,9,9,1.0,0.6,2.3,4,16,16,1,1,False,replace_only,493.1975383096211
1,9,9,1.0,0.7,1.7,4,16,16,1,1,False,replace_only,493.69387928539595
1,9,9,1.0,0.7,1.8,4,16,16,1,1,False,replace_only,493.69387928539595
1,9,9,1.0,0.7,1.9,4,16,16,1,1,False,replace_only,493.69387928539595
1,9,9,1.0,0.7,2.0,4,16,16,1,1,False,replace_only,493.69387928539595
1,9,9,1.0,0.7,2.1,4,16,16,1,1,False,replace_only,493.69387928539595
1,9,9,1.0,0.7,2.2,3,16,16,1,1,False,replace_only,455.4621955840362
1,9,9,1.0,0.7,2.3,3,16,16,1,1,False,replace_only,455.4621955840362
1,9,9,1.0,0.8,1.7,4,16,16,1,1,False,replace_only,493.84516065499884
1,9,9,1.0,0.8,1.8,4,16,16,1,1,False,replace_only,493.94458811790696
1,9,9,1.0,0.8,1.9,4,16,16,1,1,False,replace_only,494.03358347553046
1,9,9,1.0,0.8,2.0,4,16,16,1,1,False,replace_only,494.06679112941583
1,9,9,1.0,0.8,2.1,3,16,16,1,1,False,replace_only,455.707536320156
1,9,9,1.0,0.8,2.2,3,16,16,1,1,False,replace_only,455.707536320156
1,9,9,1.0,0.8,2.3,3,16,16,1,1,False,replace_only,455.707536320156
1,9,9,1.0,0.9,1.7,4,16,16,1,1,False,replace_only,493.96098875361474
1,9,9,1.0,0.9,1.8,4,16,16,1,1,False,replace_only,494.060462868027
1,9,9,1.0,0.9,1.9,3,16,16,1,1,False,replace_only,455.78073931601074
1,9,9,1.0,0.9,2.0,3,16,16,1,1,False,replace_only,455.8262032319386
1,9,9,1.0,0.9,2.1,3,16,16,1,1,False,replace_only,455.8673450679495
1,9,9,1.0,0.9,2.2,3,16,16,1,1,False,replace_only,455.8985397200562
1,9,9,1.0,0.9,2.3,3,16,16,1,1,False,replace_only,455.8985397200562
1,9,9,1.0,1.0,1.7,3,16,16,1,1,False,replace_only,455.74742451139446
1,9,9,1.0,1.0,1.8,3,16,16,1,1,False,replace_only,455.8038760764596
1,9,9,1.0,1.0,1.9,3,16,16,1,1,False,replace_only,455.8543972280943
1,9,9,1.0,1.0,2.0,3,16,16,1,1,False,replace_only,455.89987584195416
1,9,9,1.0,1.0,2.1,3,16,16,1,1,False,replace_only,455.94103097988545
1,9,9,1.0,1.0,2.2,3,16,16,1,1,False,replace_only,455.97845119056785
1,9,9,1.0,1.0,2.3,3,16,16,1,1,False,replace_only,456.0126228351599
1,9,9,1.0,1.1,1.7,3,16,16,1,1,False,replace_only,455.80767949402656
1,9,9,1.0,1.1,1.8,3,16,16,1,1,False,replace_only,455.86414598942605
1,9,9,1.0,1.1,1.9,3,16,16,1,1,False,replace_only,455.91468050448583
1,9,9,1.0,1.1,2.0,3,16,16,1,1,False,replace_only,455.9601711492291
1,9,9,1.0,1.1,2.1,3,16,16,1,1,False,replace_only,456.00133717534925
1,9,9,1.0,1.1,2.2,3,16,16,1,1,False,replace_only,456.03876728694485
1,9,9,1.0,1.1,2.3,3,16,16,1,1,False,replace_only,456.07294797363096
1,9,9,1.1,0.5,1.7,4,16,16,1,1,False,replace_only,492.51041716776837
1,9,9,1.1,0.5,1.8,4,16,16,1,1,False,replace_only,492.51041716776837
1,9,9,1.1,0.5,1.9,4,16,16,1,1,False,replace_only,492.51041716776837
1,9,9,1.1,0.5,2.0,4,16,16,1,1,False,replace_only,492.51041716776837
1,9,9,1.1,0.5,2.1,4,16,16,1,1,False,replace_only,492.51041716776837
1,9,9,1.1,0.5,2.2,4,16,16,1,1,False,replace_only,492.51041716776837
1,9,9,1.1,0.5,2.3,4,16,16,1,1,False,replace_only,492.51041716776837
1,9,9,1.1,0.6,1.7,4,16,16,1,1,False,replace_only,493.20363733191465
1,9,9,1.1,0.6,1.8,4,16,16,1,1,False,replace_only,493.20363733191465
1,9,9,1.1,0.6,1.9,4,16,16,1,1,False,replace_only,493.20363733191465
1,9,9,1.1,0.6,2.0,4,16,16,1,1,False,replace_only,493.20363733191465
1,9,9,1.1,0.6,2.1,4,16,16,1,1,False,replace_only,493.20363733191465
1,9,9,1.1,0.6,2.2,4,16,16,1,1,False,replace_only,493.20363733191465
1,9,9,1.1,0.6,2.3,4,16,16,1,1,False,replace_only,493.20363733191465
1,9,9,1.1,0.7,1.7,4,16,16,1,1,False,replace_only,493.6999905900575
1,9,9,1.1,0.7,1.8,4,16,16,1,1,False,replace_only,493.6999905900575
1,9,9,1.1,0.7,1.9,4,16,16,1,1,False,replace_only,493.6999905900575
1,9,9,1.1,0.7,2.0,4,16,16,1,1,False,replace_only,493.6999905900575
1,9,9,1.1,0.7,2.1,4,16,16,1,1,False,replace_only,493.6999905900575
1,9,9,1.1,0.7,2.2,3,16,16,1,1,False,replace_only,455.46635698285115
1,9,9,1.1,0.7,2.3,3,16,16,1,1,False,replace_only,455.46635698285115
1,9,9,1.1,0.8,1.7,4,16,16,1,1,False,replace_only,493.85127570569995
1,9,9,1.1,0.8,1.8,4,16,16,1,1,False,replace_only,493.95070563126285
1,9,9,1.1,0.8,1.9,4,16,16,1,1,False,replace_only,494.0397031935754
1,9,9,1.1,0.8,2.0,3,16,16,1,1,False,replace_only,455.7117022037885
1,9,9,1.1,0.8,2.1,3,16,16,1,1,False,replace_only,455.7117022037885
1,9,9,1.1,0.8,2.2,3,16,16,1,1,False,replace_only,455.7117022037885
1,9,9,1.1,0.8,2.3,3,16,16,1,1,False,replace_only,455.7117022037885
1,9,9,1.1,0.9,1.7,4,16,16,1,1,False,replace_only,493.967106673235
1,9,9,1.1,0.9,1.8,4,16,16,1,1,False,replace_only,494.0665832520355
1,9,9,1.1,0.9,1.9,3,16,16,1,1,False,replace_only,455.7849065382587
1,9,9,1.1,0.9,2.0,3,16,16,1,1,False,replace_only,455.83037128566383
1,9,9,1.1,0.9,2.1,3,16,16,1,1,False,replace_only,455.871513874178
1,9,9,1.1,0.9,2.2,3,16,16,1,1,False,replace_only,455.90270909689485
1,9,9,1.1,0.9,2.3,3,16,16,1,1,False,replace_only,455.90270909689485
1,9,9,1.1,1.0,1.7,3,16,16,1,1,False,replace_only,455.7515911244097
1,9,9,1.1,1.0,1.8,3,16,16,1,1,False,replace_only,455.80804372183906
1,9,9,1.1,1.0,1.9,3,16,16,1,1,False,replace_only,455.8585657974935
1,9,9,1.1,1.0,2.0,3,16,16,1,1,False,replace_only,455.90404524323395
1,9,9,1.1,1.0,2.1,3,16,16,1,1,False,replace_only,455.9452011340336
1,9,9,1.1,1.0,2.2,3,16,16,1,1,False,replace_only,455.9826220293188
1,9,9,1.1,1.0,2.3,3,16,16,1,1,False,replace_only,456.01679429913025
1,9,9,1.1,1.1,1.7,3,16,16,1,1,False,replace_only,455.811847208966
1,9,9,1.1,1.1,1.8,3,16,16,1,1,False,replace_only,455.8683147371396
1,9,9,1.1,1.1,1.9,3,16,16,1,1,False,replace_only,455.91885017658575
1,9,9,1.1,1.1,2.0,3,16,16,1,1,False,replace_only,455.9643416535397
1,9,9,1.1,1.1,2.1,3,16,16,1,1,False,replace_only,456.00550843282707
1,9,9,1.1,1.1,2.2,3,16,16,1,1,False,replace_only,456.0429392292973
1,9,9,1.1,1.1,2.3,3,16,16,1,1,False,replace_only,456.077120541451
1,9,9,1.2,0.5,1.7,4,16,16,1,1,False,replace_only,492.515485523424
1,9,9,1.2,0.5,1.8,4,16,16,1,1,False,replace_only,492.515485523424
1,9,9,1.2,0.5,1.9,4,16,16,1,1,False,replace_only,492.515485523424
1,9,9,1.2,0.5,2.0,4,16,16,1,1,False,replace_only,492.515485523424
1,9,9,1.2,0.5,2.1,4,16,16,1,1,False,replace_only,492.515485523424
1,9,9,1.2,0.5,2.2,4,16,16,1,1,False,replace_only,492.515485523424
1,9,9,1.2,0.5,2.3,4,16,16,1,1,False,replace_only,492.515485523424
1,9,9,1.2,0.6,1.7,4,16,16,1,1,False,replace_only,493.2087199657252
1,9,9,1.2,0.6,1.8,4,16,16,1,1,False,replace_only,493.2087199657252
1,9,9,1.2,0.6,1.9,4,16,16,1,1,False,replace_only,493.2087199657252
1,9,9,1.2,0.6,2.0,4,16,16,1,1,False,replace_only,493.2087199657252
1,9,9,1.2,0.6,2.1,4,16,16,1,1,False,replace_only,493.2087199657252
1,9,9,1.2,0.6,2.2,4,16,16,1,1,False,replace_only,493.2087199657252
1,9,9,1.2,0.6,2.3,3,16,16,1,1,False,replace_only,455.14310362235545
1,9,9,1.2,0.7,1.7,4,16,16,1,1,False,replace_only,493.70508345952305
1,9,9,1.2,0.7,1.8,4,16,16,1,1,False,replace_only,493.70508345952305
1,9,9,1.2,0.7,1.9,4,16,16,1,1,False,replace_only,493.70508345952305
1,9,9,1.2,0.7,2.0,4,16,16,1,1,False,replace_only,493.70508345952305
1,9,9,1.2,0.7,2.1,4,16,16,1,1,False,replace_only,493.70508345952305
1,9,9,1.2,0.7,2.2,3,16,16,1,1,False,replace_only,455.4698248732907
1,9,9,1.2,0.7,2.3,3,16,16,1,1,False,replace_only,455.4698248732907
1,9,9,1.2,0.8,1.7,4,16,16,1,1,False,replace_only,493.8563716969715
1,9,9,1.2,0.8,1.8,4,16,16,1,1,False,replace_only,493.95580367481654
1,9,9,1.2,0.8,1.9,4,16,16,1,1,False,replace_only,494.04480307443265
1,9,9,1.2,0.8,2.0,3,16,16,1,1,False,replace_only,455.7151738316699
1,9,9,1.2,0.8,2.1,3,16,16,1,1,False,replace_only,455.7151738316699
1,9,9,1.2,0.8,2.2,3,16,16,1,1,False,replace_only,455.7151738316699
1,9,9,1.2,0.8,2.3,3,16,16,1,1,False,replace_only,455.7151738316699
1,9,9,1.2,0.9,1.7,4,16,16,1,1,False,replace_only,493.9722050553539
1,9,9,1.2,0.9,1.8,4,16,16,1,1,False,replace_only,494.07168368788115
1,9,9,1.2,0.9,1.9,3,16,16,1,1,False,replace_only,455.78837928168105
1,9,9,1.2,0.9,2.0,3,16,16,1,1,False,replace_only,455.83384472200123
1,9,9,1.2,0.9,2.1,3,16,16,1,1,False,replace_only,455.87498793761745
1,9,9,1.2,0.9,2.2,3,16,16,1,1,False,replace_only,455.90618363585463
1,9,9,1.2,0.9,2.3,3,16,16,1,1,False,replace_only,455.90618363585463
1,9,9,1.2,1.0,1.7,3,16,16,1,1,False,replace_only,455.7550633601252
1,9,9,1.2,1.0,1.8,3,16,16,1,1,False,replace_only,455.81151681788
1,9,9,1.2,1.0,1.9,3,16,16,1,1,False,replace_only,455.86203966357004
1,9,9,1.2,1.0,2.0,3,16,16,1,1,False,replace_only,455.90751980256175
1,9,9,1.2,1.0,2.1,3,16,16,1,1,False,replace_only,455.9486763207676
1,9,9,1.2,1.0,2.2,3,16,16,1,1,False,replace_only,455.98609778656953
1,9,9,1.2,1.0,2.3,3,16,16,1,1,False,replace_only,456.0202705774102
1,9,9,1.2,1.1,1.7,3,16,16,1,1,False,replace_only,455.81532036297506
1,9,9,1.2,1.1,1.8,3,16,16,1,1,False,replace_only,455.8717887518152
1,9,9,1.2,1.1,1.9,3,16,16,1,1,False,replace_only,455.9223249616027
1,9,9,1.2,1.1,2.0,3,16,16,1,1,False,replace_only,455.967817132083
1,9,9,1.2,1.1,2.1,3,16,16,1,1,False,replace_only,456.00898453902556
1,9,9,1.2,1.1,2.2,3,16,16,1,1,False,replace_only,456.04641590623885
1,9,9,1.2,1.1,2.3,3,16,16,1,1,False,replace_only,456.0805977396287
1,9,9,1.3,0.5,1.7,4,16,16,1,1,False,replace_only,492.5197742135357
1,9,9,1.3,0.5,1.8,4,16,16,1,1,False,replace_only,492.5197742135357
1,9,9,1.3,0.5,1.9,4,16,16,1,1,False,replace_only,492.5197742135357
1,9,9,1.3,0.5,2.0,4,16,16,1,1,False,replace_only,492.5197742135357
1,9,9,1.3,0.5,2.1,4,16,16,1,1,False,replace_only,492.5197742135357
1,9,9,1.3,0.5,2.2,4,16,16,1,1,False,replace_only,492.5197742135357
1,9,9,1.3,0.5,2.3,4,16,16,1,1,False,replace_only,492.5197742135357
1,9,9,1.3,0.6,1.7,4,16,16,1,1,False,replace_only,493.2130207376972
1,9,9,1.3,0.6,1.8,4,16,16,1,1,False,replace_only,493.2130207376972
1,9,9,1.3,0.6,1.9,4,16,16,1,1,False,replace_only,493.2130207376972
1,9,9,1.3,0.6,2.0,4,16,16,1,1,False,replace_only,493.2130207376972
1,9,9,1.3,0.6,2.1,4,16,16,1,1,False,replace_only,493.2130207376972
1,9,9,1.3,0.6,2.2,4,16,16,1,1,False,replace_only,493.2130207376972
1,9,9,1.3,0.6,2.3,3,16,16,1,1,False,replace_only,455.1460338236885
1,9,9,1.3,0.7,1.7,4,16,16,1,1,False,replace_only,493.7093928926812
1,9,9,1.3,0.7,1.8,4,16,16,1,1,False,replace_only,493.7093928926812
1,9,9,1.3,0.7,1.9,4,16,16,1,1,False,replace_only,493.7093928926812
1,9,9,1.3,0.7,2.0,4,16,16,1,1,False,replace_only,493.7093928926812
1,9,9,1.3,0.7,2.1,4,16,16,1,1,False,replace_only,493.7093928926812
1,9,9,1.3,0.7,2.2,3,16,16,1,1,False,replace_only,455.472759283375
1,9,9,1.3,0.7,2.3,3,16,16,1,1,False,replace_only,455.472759283375
1,9,9,1.3,0.8,1.7,4,16,16,1,1,False,replace_only,493.86068377173325
1,9,9,1.3,0.8,1.8,4,16,16,1,1,False,replace_only,493.96011748617445
1,9,9,1.3,0.8,1.9,4,16,16,1,1,False,replace_only,494.0491184404764
1,9,9,1.3,0.8,2.0,3,16,16,1,1,False,replace_only,455.7181114042717
1,9,9,1.3,0.8,2.1,3,16,16,1,1,False,replace_only,455.7181114042717
1,9,9,1.3,0.8,2.2,3,16,16,1,1,False,replace_only,455.7181114042717
1,9,9,1.3,0.8,2.3,3,16,16,1,1,False,replace_only,455.7181114042717
1,9,9,1.3,0.9,1.7,4,16,16,1,1,False,replace_only,493.9765191531982
1,9,9,1.3,0.9,1.8,3,16,16,1,1,False,replace_only,455.7408106279634
1,9,9,1.3,0.9,1.9,3,16,16,1,1,False,replace_only,455.791317798222
1,9,9,1.3,0.9,2.0,3,16,16,1,1,False,replace_only,455.8367838248674
1,9,9,1.3,0.9,2.1,3,16,16,1,1,False,replace_only,455.8779275711196
1,9,9,1.3,0.9,2.2,3,16,16,1,1,False,replace_only,455.90912367172865
1,9,9,1.3,0.9,2.3,3,16,16,1,1,False,replace_only,455.90912367172865
1,9,9,1.3,1.0,1.7,3,16,16,1,1,False,replace_only,455.7580014470592
1,9,9,1.3,1.0,1.8,3,16,16,1,1,False,replace_only,455.81445563279675
1,9,9,1.3,1.0,1.9,3,16,16,1,1,False,replace_only,455.86497913006946
1,9,9,1.3,1.0,2.0,3,16,16,1,1,False,replace_only,455.9104598556707
1,9,9,1.3,1.0,2.1,3,16,16,1,1,False,replace_only,455.9516169047698
1,9,9,1.3,1.0,2.2,3,16,16,1,1,False,replace_only,455.98903885332686
1,9,9,1.3,1.0,2.3,3,16,16,1,1,False,replace_only,456.0232120850478
1,9,9,1.3,1.1,1.7,3,16,16,1,1,False,replace_only,455.8182592269428
1,9,9,1.3,1.1,1.8,3,16,16,1,1,False,replace_only,455.8747283440548
1,9,9,1.3,1.1,1.9,3,16,16,1,1,False,replace_only,455.9252652056834
1,9,9,1.3,1.1,2.0,3,16,16,1,1,False,replace_only,455.970757963006
1,9,9,1.3,1.1,2.1,3,16,16,1,1,False,replace_only,456.0119259010527
1,9,9,1.3,1.1,2.2,3,16,16,1,1,False,replace_only,456.0493577512127
1,9,9,1.3,1.1,2.3,3,16,16,1,1,False,replace_only,456.0835400256577
