candidate_id,baseline_noc,latency_multiplier,bw_multiplier,bs,minibatch,seq,tp,ep,ep1,ep2,sp,cp,dp,fsdp,pp,tp_transform_moe,kv_len_1,kv_len_2,kv_len_3,kv_len_4,paper_utps_avg,paper_stps_avg
4d0e0b3ac8b36a25,torus_mesh_switch_1,0.25,0.5,4,4,1,32,8,4,1,1,1,1,False,1,none,1024,1365,1707,2048,91.6446980174752,366.578792069901
3f29af1b1f410a12,torus_mesh_switch_1,0.25,0.5,4,4,1,32,8,4,1,1,1,1,False,1,replace_only,1024,1365,1707,2048,80.3435606122075,321.37424244883
2bef67e8c473bfb4,torus_mesh_switch_1,0.25,0.75,4,4,1,32,8,4,1,1,1,1,False,1,none,1024,1365,1707,2048,94.0423434162379,376.169373664951
6d7326a47c91eedb,torus_mesh_switch_1,0.25,0.75,4,4,1,32,8,4,1,1,1,1,False,1,replace_only,1024,1365,1707,2048,80.8726686566717,323.490674626687
33aa7f7e760256ba,torus_mesh_switch_1,0.25,1,4,4,1,32,8,4,1,1,1,1,False,1,none,1024,1365,1707,2048,85.9356175538975,343.74247021559
77c617a46209ccc9,torus_mesh_switch_1,0.25,1,4,4,1,32,8,4,1,1,1,1,False,1,replace_only,1024,1365,1707,2048,79.2405441443755,316.962176577502
f3fbdd9887198fbb,torus_mesh_switch_1,0.25,1.25,4,4,1,32,8,4,1,1,1,1,False,1,none,1024,1365,1707,2048,81.6962301394751,326.7849205579
da333ba13d9dee21,torus_mesh_switch_1,0.25,1.25,4,4,1,32,8,4,1,1,1,1,False,1,replace_only,1024,1365,1707,2048,76.1805243955638,304.722097582255
90e502a57f6e2748,torus_mesh_switch_1,0.25,1.5,4,4,1,32,8,4,1,1,1,1,False,1,none,1024,1365,1707,2048,81.733466240681,326.933864962724
20b6f0eaef4b6b39,torus_mesh_switch_1,0.25,1.5,4,4,1,32,8,4,1,1,1,1,False,1,replace_only,1024,1365,1707,2048,76.2235903206,304.8943612824
f113f2f807fc5df3,torus_mesh_switch_1,0.25,2,4,4,1,32,8,4,1,1,1,1,False,1,none,1024,1365,1707,2048,75.7326438196311,302.930575278524
8b885248a2e787ea,torus_mesh_switch_1,0.25,2,4,4,1,32,8,4,1,1,1,1,False,1,replace_only,1024,1365,1707,2048,64.5203949075545,258.081579630218
20a35e956bf9b23f,torus_mesh_switch_1,0.5,0.5,4,4,1,32,8,4,1,1,1,1,False,1,none,1024,1365,1707,2048,89.6026217360164,358.410486944066
35426154562d0ac7,torus_mesh_switch_1,0.5,0.5,4,4,1,32,8,4,1,1,1,1,False,1,replace_only,1024,1365,1707,2048,79.2852831247451,317.14113249898
1da299fec17c95b4,torus_mesh_switch_1,0.5,0.75,4,4,1,32,8,4,1,1,1,1,False,1,none,1024,1365,1707,2048,91.8932641027339,367.573056410936
9b1d4e2b8426d355,torus_mesh_switch_1,0.5,0.75,4,4,1,32,8,4,1,1,1,1,False,1,replace_only,1024,1365,1707,2048,79.8004988845037,319.201995538015
4b7490adcc2ea2fa,torus_mesh_switch_1,0.5,1,4,4,1,32,8,4,1,1,1,1,False,1,none,1024,1365,1707,2048,84.2528020712669,337.011208285068
26524e1573496fd5,torus_mesh_switch_1,0.5,1,4,4,1,32,8,4,1,1,1,1,False,1,replace_only,1024,1365,1707,2048,78.2109459422175,312.84378376887
07139766f3f56e5a,torus_mesh_switch_1,0.5,1.25,4,4,1,32,8,4,1,1,1,1,False,1,none,1024,1365,1707,2048,80.1738931857228,320.695572742891
163a7504f7717356,torus_mesh_switch_1,0.5,1.25,4,4,1,32,8,4,1,1,1,1,False,1,replace_only,1024,1365,1707,2048,75.2284378283443,300.913751313377
fdb2d16b2733fa91,torus_mesh_switch_1,0.5,1.5,4,4,1,32,8,4,1,1,1,1,False,1,none,1024,1365,1707,2048,80.2097541327954,320.839016531181
50177bd2d803be48,torus_mesh_switch_1,0.5,1.5,4,4,1,32,8,4,1,1,1,1,False,1,replace_only,1024,1365,1707,2048,75.2704336893768,301.081734757507
e0d00268878669eb,torus_mesh_switch_1,0.5,2,4,4,1,32,8,4,1,1,1,1,False,1,none,1024,1365,1707,2048,74.4226727835204,297.690691134082
46ffc05c25f04857,torus_mesh_switch_1,0.5,2,4,4,1,32,8,4,1,1,1,1,False,1,replace_only,1024,1365,1707,2048,63.8361528434077,255.344611373631
875ce96bc8cff9ca,torus_mesh_switch_1,1,0.5,4,4,1,32,8,4,1,1,1,1,False,1,none,1024,1365,1707,2048,85.1402442261311,340.560976904524
ba14b1d162902789,torus_mesh_switch_1,1,0.5,4,4,1,32,8,4,1,1,1,1,False,1,replace_only,1024,1365,1707,2048,76.7311114426629,306.924445770652
86e566951b26955e,torus_mesh_switch_1,1,0.75,4,4,1,32,8,4,1,1,1,1,False,1,none,1024,1365,1707,2048,87.2523258914292,349.009303565717
5c7d9f0e2d543b2d,torus_mesh_switch_1,1,0.75,4,4,1,32,8,4,1,1,1,1,False,1,replace_only,1024,1365,1707,2048,77.2500607184816,309.000242873926
784f605f8883dc5b,torus_mesh_switch_1,1,1,4,4,1,32,8,4,1,1,1,1,False,1,none,1024,1365,1707,2048,80.1616360541431,320.646544216573
189fed66595448d2,torus_mesh_switch_1,1,1,4,4,1,32,8,4,1,1,1,1,False,1,replace_only,1024,1365,1707,2048,75.7004163585288,302.801665434115
8f2310bd29864de3,torus_mesh_switch_1,1,1.25,4,4,1,32,8,4,1,1,1,1,False,1,none,1024,1365,1707,2048,76.4291111448354,305.716444579342
203c50386bc7037c,torus_mesh_switch_1,1,1.25,4,4,1,32,8,4,1,1,1,1,False,1,replace_only,1024,1365,1707,2048,72.8813891288549,291.52555651542
c85dfcb7f5b08694,torus_mesh_switch_1,1,1.5,4,4,1,32,8,4,1,1,1,1,False,1,none,1024,1365,1707,2048,76.4705556052901,305.88222242116
b972d3bff07e208f,torus_mesh_switch_1,1,1.5,4,4,1,32,8,4,1,1,1,1,False,1,replace_only,1024,1365,1707,2048,72.9273123261371,291.709249304548
f369468a7fd1ed2f,torus_mesh_switch_1,1,2,4,4,1,32,8,4,1,1,1,1,False,1,none,1024,1365,1707,2048,72.3239002227656,289.295600891062
23ca2b8f7b83522a,torus_mesh_switch_1,1,2,4,4,1,32,8,4,1,1,1,1,False,1,replace_only,1024,1365,1707,2048,62.8777351729245,251.510940691698
ae5fdd881f6fd9cb,torus_mesh_switch_1,2,0.5,4,4,1,32,8,4,1,1,1,1,False,1,none,1024,1365,1707,2048,76.9614342000575,307.84573680023
832f718feed3a376,torus_mesh_switch_1,2,0.5,4,4,1,32,8,4,1,1,1,1,False,1,replace_only,1024,1365,1707,2048,71.6818723645384,286.727489458154
21aa08394e52e484,torus_mesh_switch_1,2,0.75,4,4,1,32,8,4,1,1,1,1,False,1,none,1024,1365,1707,2048,78.4266313771728,313.706525508691
764fbffce7aed98a,torus_mesh_switch_1,2,0.75,4,4,1,32,8,4,1,1,1,1,False,1,replace_only,1024,1365,1707,2048,72.1349579381107,288.539831752443
43e7e2bdf7241d73,torus_mesh_switch_1,2,1,4,4,1,32,8,4,1,1,1,1,False,1,none,1024,1365,1707,2048,74.2535439991692,297.014175996677
547457da6209b7c5,torus_mesh_switch_1,2,1,4,4,1,32,8,4,1,1,1,1,False,1,replace_only,1024,1365,1707,2048,72.3680081441125,289.47203257645
aa0737bb23a9dfa7,torus_mesh_switch_1,2,1.25,4,4,1,32,8,4,1,1,1,1,False,1,none,1024,1365,1707,2048,71.4030799913328,285.612319965331
9ee92335ba2292a6,torus_mesh_switch_1,2,1.25,4,4,1,32,8,4,1,1,1,1,False,1,replace_only,1024,1365,1707,2048,70.1379159313525,280.55166372541
85b1a618260b0820,torus_mesh_switch_1,2,1.5,4,4,1,32,8,4,1,1,1,1,False,1,none,1024,1365,1707,2048,71.6880850078862,286.752340031545
f71ce16ccbf806e9,torus_mesh_switch_1,2,1.5,4,4,1,32,8,4,1,1,1,1,False,1,replace_only,1024,1365,1707,2048,70.4205723707817,281.682289483127
7e2e02faf6069c9d,torus_mesh_switch_1,2,2,4,4,1,32,8,4,1,1,1,1,False,1,none,1024,1365,1707,2048,68.0216323751627,272.086529500651
c5753e54d8641545,torus_mesh_switch_1,2,2,4,4,1,32,8,4,1,1,1,1,False,1,replace_only,1024,1365,1707,2048,60.9974846572156,243.989938628862
eee2309bcf6b00d0,torus_mesh_switch_1,4,0.5,4,4,1,32,8,4,1,1,1,1,False,1,none,1024,1365,1707,2048,67.2236279171903,268.894511668761
5b68b65bf318016c,torus_mesh_switch_1,4,0.5,4,4,1,32,8,4,1,1,1,1,False,1,replace_only,1024,1365,1707,2048,65.9092837921454,263.637135168582
8898a2ae17cb62b8,torus_mesh_switch_1,4,0.75,4,4,1,32,8,4,1,1,1,1,False,1,none,1024,1365,1707,2048,68.9642211685888,275.856884674355
698b373c9e652939,torus_mesh_switch_1,4,0.75,4,4,1,32,8,4,1,1,1,1,False,1,replace_only,1024,1365,1707,2048,67.3680080448067,269.472032179227
d475bac11bfdccc8,torus_mesh_switch_1,4,1,4,4,1,32,8,4,1,1,1,1,False,1,none,1024,1365,1707,2048,64.9108066504342,259.643226601737
c4e3ce36957355a6,torus_mesh_switch_1,4,1,4,4,1,32,8,4,1,1,1,1,False,1,replace_only,1024,1365,1707,2048,66.7196349560824,266.87853982433
09fc2c93aed8f07d,torus_mesh_switch_1,4,1.25,4,4,1,32,8,4,1,1,1,1,False,1,none,1024,1365,1707,2048,62.7258305815005,250.903322326002
b609ed5f30c9e471,torus_mesh_switch_1,4,1.25,4,4,1,32,8,4,1,1,1,1,False,1,replace_only,1024,1365,1707,2048,64.8236404903176,259.294561961271
c328c80b1640c3dc,torus_mesh_switch_1,4,1.5,4,4,1,32,8,4,1,1,1,1,False,1,none,1024,1365,1707,2048,62.9456659905952,251.782663962381
c22b8dd4147ced4c,torus_mesh_switch_1,4,1.5,4,4,1,32,8,4,1,1,1,1,False,1,replace_only,1024,1365,1707,2048,65.0650116856245,260.260046742498
9103ee1c60b5c319,torus_mesh_switch_1,4,2,4,4,1,32,8,4,1,1,1,1,False,1,none,1024,1365,1707,2048,60.1112722204201,240.445088881681
bcfd7c21f5401cff,torus_mesh_switch_1,4,2,4,4,1,32,8,4,1,1,1,1,False,1,replace_only,1024,1365,1707,2048,56.9470412993044,227.788165197218
800c4e44c8d14191,torus_mesh_switch_1,0.25,0.5,64,64,1,16,16,16,1,1,1,1,False,1,none,1024,1365,1707,2048,52.2137043099524,3341.67707583695
e5bfecb3ba786b3d,torus_mesh_switch_1,0.25,0.5,64,64,1,16,16,16,1,1,1,1,False,1,replace_only,1024,1365,1707,2048,75.4459703350069,4828.54210144044
0912055164f503a6,torus_mesh_switch_1,0.25,0.75,64,64,1,16,16,16,1,1,1,1,False,1,none,1024,1365,1707,2048,66.6844245380717,4267.80317043659
f14304465d1b1ab8,torus_mesh_switch_1,0.25,0.75,64,64,1,16,16,16,1,1,1,1,False,1,replace_only,1024,1365,1707,2048,76.8880999300027,4920.83839552018
dd36d73be651ae83,torus_mesh_switch_1,0.25,1,64,64,1,16,16,16,1,1,1,1,False,1,none,1024,1365,1707,2048,68.3225099885222,4372.64063926542
f5439c12b5f224e5,torus_mesh_switch_1,0.25,1,64,64,1,16,16,16,1,1,1,1,False,1,replace_only,1024,1365,1707,2048,81.3811408803678,5208.39301634354
ec00388298f746f2,torus_mesh_switch_1,0.25,1.25,64,64,1,16,16,16,1,1,1,1,False,1,none,1024,1365,1707,2048,66.4326752850775,4251.69121824496
e9a620c79b9cec77,torus_mesh_switch_1,0.25,1.25,64,64,1,16,16,16,1,1,1,1,False,1,replace_only,1024,1365,1707,2048,75.6398150938226,4840.94816600465
d2e7dc401ff77cf3,torus_mesh_switch_1,0.25,1.5,64,64,1,16,16,16,1,1,1,1,False,1,none,1024,1365,1707,2048,67.8086250683549,4339.75200437471
ee6ded114a133e2b,torus_mesh_switch_1,0.25,1.5,64,64,1,16,16,16,1,1,1,1,False,1,replace_only,1024,1365,1707,2048,75.743991498896,4847.61545592934
5c89b761d53ecfaa,torus_mesh_switch_1,0.25,2,64,64,1,16,16,16,1,1,1,1,False,1,none,1024,1365,1707,2048,59.3710287116932,3799.74583754837
2d081226b64f18ff,torus_mesh_switch_1,0.25,2,64,64,1,16,16,16,1,1,1,1,False,1,replace_only,1024,1365,1707,2048,60.1040781894487,3846.66100412472
cdfe588aa1eda712,torus_mesh_switch_1,0.5,0.5,64,64,1,16,16,16,1,1,1,1,False,1,none,1024,1365,1707,2048,51.6814678414636,3307.61394185367
98c8ee4eb02bce55,torus_mesh_switch_1,0.5,0.5,64,64,1,16,16,16,1,1,1,1,False,1,replace_only,1024,1365,1707,2048,74.8584057365758,4790.93796714085
d54be13e2a258a13,torus_mesh_switch_1,0.5,0.75,64,64,1,16,16,16,1,1,1,1,False,1,none,1024,1365,1707,2048,65.9643929857426,4221.72115108753
d2a8b1520bda45e6,torus_mesh_switch_1,0.5,0.75,64,64,1,16,16,16,1,1,1,1,False,1,replace_only,1024,1365,1707,2048,76.2779452264888,4881.78849449528
74be9064c8f0feb7,torus_mesh_switch_1,0.5,1,64,64,1,16,16,16,1,1,1,1,False,1,none,1024,1365,1707,2048,67.5668775865001,4324.28016553601
a55d57f2fc5a7b53,torus_mesh_switch_1,0.5,1,64,64,1,16,16,16,1,1,1,1,False,1,replace_only,1024,1365,1707,2048,80.6979115890108,5164.66634169669
7010eded5fb32fa3,torus_mesh_switch_1,0.5,1.25,64,64,1,16,16,16,1,1,1,1,False,1,none,1024,1365,1707,2048,65.724947595653,4206.39664612179
93e04aa33d931fed,torus_mesh_switch_1,0.5,1.25,64,64,1,16,16,16,1,1,1,1,False,1,replace_only,1024,1365,1707,2048,75.0582647672376,4803.7289451032
9c4200e670699b98,torus_mesh_switch_1,0.5,1.5,64,64,1,16,16,16,1,1,1,1,False,1,none,1024,1365,1707,2048,67.0865195758534,4293.53725285462
bf4eddd5c0fc8385,torus_mesh_switch_1,0.5,1.5,64,64,1,16,16,16,1,1,1,1,False,1,replace_only,1024,1365,1707,2048,75.179792022254,4811.50668942425
e17eac04c07e2fba,torus_mesh_switch_1,0.5,2,64,64,1,16,16,16,1,1,1,1,False,1,none,1024,1365,1707,2048,58.8311671403657,3765.19469698341
03cbc5732aa4c295,torus_mesh_switch_1,0.5,2,64,64,1,16,16,16,1,1,1,1,False,1,replace_only,1024,1365,1707,2048,59.763226624644,3824.84650397722
7d239efe24025eb7,torus_mesh_switch_1,1,0.5,64,64,1,16,16,16,1,1,1,1,False,1,none,1024,1365,1707,2048,50.6488988819747,3241.52952844638
923c0727f6688423,torus_mesh_switch_1,1,0.5,64,64,1,16,16,16,1,1,1,1,False,1,replace_only,1024,1365,1707,2048,73.7103152169201,4717.46017388289
0cae01d71658b037,torus_mesh_switch_1,1,0.75,64,64,1,16,16,16,1,1,1,1,False,1,none,1024,1365,1707,2048,64.611472408084,4135.13423411738
18e59642e98cf35c,torus_mesh_switch_1,1,0.75,64,64,1,16,16,16,1,1,1,1,False,1,replace_only,1024,1365,1707,2048,75.1423319974846,4809.10924783901
e17e021835a9833b,torus_mesh_switch_1,1,1,64,64,1,16,16,16,1,1,1,1,False,1,none,1024,1365,1707,2048,66.1848409917486,4235.82982347191
10ffb4e6c2a0b574,torus_mesh_switch_1,1,1,64,64,1,16,16,16,1,1,1,1,False,1,replace_only,1024,1365,1707,2048,79.48089333555,5086.7771734752
86d0145e14165e90,torus_mesh_switch_1,1,1.25,64,64,1,16,16,16,1,1,1,1,False,1,none,1024,1365,1707,2048,64.6160725286162,4135.42864183144
11fb979c999ec15f,torus_mesh_switch_1,1,1.25,64,64,1,16,16,16,1,1,1,1,False,1,replace_only,1024,1365,1707,2048,74.2678904670244,4753.14498988956
df93399966ac5f4d,torus_mesh_switch_1,1,1.5,64,64,1,16,16,16,1,1,1,1,False,1,none,1024,1365,1707,2048,65.940834154797,4220.21338590701
debc20cafe2d1a97,torus_mesh_switch_1,1,1.5,64,64,1,16,16,16,1,1,1,1,False,1,replace_only,1024,1365,1707,2048,74.3986022477974,4761.51054385904
cd3936e7e4261c51,torus_mesh_switch_1,1,2,64,64,1,16,16,16,1,1,1,1,False,1,none,1024,1365,1707,2048,57.9659654832171,3709.8217909259
ef4c32400f97736f,torus_mesh_switch_1,1,2,64,64,1,16,16,16,1,1,1,1,False,1,replace_only,1024,1365,1707,2048,59.2871242074384,3794.37594927606
be28235bd39c5c3d,torus_mesh_switch_1,2,0.5,64,64,1,16,16,16,1,1,1,1,False,1,none,1024,1365,1707,2048,48.7898683862234,3122.5515767183
89a28269db0ff779,torus_mesh_switch_1,2,0.5,64,64,1,16,16,16,1,1,1,1,False,1,replace_only,1024,1365,1707,2048,71.7045835282287,4589.09334580663
aca19127bbfa026d,torus_mesh_switch_1,2,0.75,64,64,1,16,16,16,1,1,1,1,False,1,none,1024,1365,1707,2048,62.0495704803553,3971.17251074274
cdd1c754e2974d9b,torus_mesh_switch_1,2,0.75,64,64,1,16,16,16,1,1,1,1,False,1,replace_only,1024,1365,1707,2048,73.5977772297488,4710.25774270392
c547e717fcc5cd1a,torus_mesh_switch_1,2,1,64,64,1,16,16,16,1,1,1,1,False,1,none,1024,1365,1707,2048,64.0131146925418,4096.83934032267
a7ca871c4ddf8cfb,torus_mesh_switch_1,2,1,64,64,1,16,16,16,1,1,1,1,False,1,replace_only,1024,1365,1707,2048,77.7869378053384,4978.36401954166
fe4f964378d6f4d8,torus_mesh_switch_1,2,1.25,64,64,1,16,16,16,1,1,1,1,False,1,none,1024,1365,1707,2048,62.3827271304882,3992.49453635124
9ed15d56cae60e51,torus_mesh_switch_1,2,1.25,64,64,1,16,16,16,1,1,1,1,False,1,replace_only,1024,1365,1707,2048,72.5679208213103,4644.34693256386
f7598d449e47ff42,torus_mesh_switch_1,2,1.5,64,64,1,16,16,16,1,1,1,1,False,1,none,1024,1365,1707,2048,63.6165996019405,4071.46237452419
4bc9f49c25865c59,torus_mesh_switch_1,2,1.5,64,64,1,16,16,16,1,1,1,1,False,1,replace_only,1024,1365,1707,2048,72.6927103591348,4652.33346298463
eee097d9436966b8,torus_mesh_switch_1,2,2,64,64,1,16,16,16,1,1,1,1,False,1,none,1024,1365,1707,2048,56.1620718666848,3594.37259946783
79437642dfc791c4,torus_mesh_switch_1,2,2,64,64,1,16,16,16,1,1,1,1,False,1,replace_only,1024,1365,1707,2048,58.1987260323257,3724.71846606885
0e500cf77649a4cf,torus_mesh_switch_1,4,0.5,64,64,1,16,16,16,1,1,1,1,False,1,none,1024,1365,1707,2048,45.8933427460251,2937.17393574561
ffe5eb6daddc174f,torus_mesh_switch_1,4,0.5,64,64,1,16,16,16,1,1,1,1,False,1,replace_only,1024,1365,1707,2048,68.9936885900642,4415.59606976411
e969aeba95684b61,torus_mesh_switch_1,4,0.75,64,64,1,16,16,16,1,1,1,1,False,1,none,1024,1365,1707,2048,57.1671364750465,3658.69673440297
d1d905d928be5bd4,torus_mesh_switch_1,4,0.75,64,64,1,16,16,16,1,1,1,1,False,1,replace_only,1024,1365,1707,2048,70.3327887437228,4501.29847959826
56bc4e9e8ff2e943,torus_mesh_switch_1,4,1,64,64,1,16,16,16,1,1,1,1,False,1,none,1024,1365,1707,2048,59.7737201169869,3825.51808748716
b11e89afda22ff4c,torus_mesh_switch_1,4,1,64,64,1,16,16,16,1,1,1,1,False,1,replace_only,1024,1365,1707,2048,74.1488864408489,4745.52873221433
e534d6f3665bf526,torus_mesh_switch_1,4,1.25,64,64,1,16,16,16,1,1,1,1,False,1,none,1024,1365,1707,2048,58.3493257922237,3734.35685070232
6d55a5a85f8c5ae5,torus_mesh_switch_1,4,1.25,64,64,1,16,16,16,1,1,1,1,False,1,replace_only,1024,1365,1707,2048,69.391293657421,4441.04279407494
e485e760d2b4a5c7,torus_mesh_switch_1,4,1.5,64,64,1,16,16,16,1,1,1,1,False,1,none,1024,1365,1707,2048,59.4273921733826,3803.35309909649
77537f5d239d77b4,torus_mesh_switch_1,4,1.5,64,64,1,16,16,16,1,1,1,1,False,1,replace_only,1024,1365,1707,2048,69.5053855584113,4448.34467573833
49ffbeb9d6f694c4,torus_mesh_switch_1,4,2,64,64,1,16,16,16,1,1,1,1,False,1,none,1024,1365,1707,2048,52.8714612828781,3383.7735221042
155d409b76a4a498,torus_mesh_switch_1,4,2,64,64,1,16,16,16,1,1,1,1,False,1,replace_only,1024,1365,1707,2048,56.1376064358334,3592.80681189334
b8422081eb1a1f31,torus_mesh_switch_1,0.25,0.5,1024,512,1,4,32,32,1,1,1,1,False,2,none,1024,1365,1707,2048,16.2391618496239,16628.9017340149
0794384899377ec6,torus_mesh_switch_1,0.25,0.5,1024,512,1,4,32,32,1,1,1,1,False,2,replace_only,1024,1365,1707,2048,35.1093501038632,35951.9745063559
0b234535b6f90f51,torus_mesh_switch_1,0.25,0.75,1024,512,1,4,32,32,1,1,1,1,False,2,none,1024,1365,1707,2048,21.5829532623747,22100.9441406716
26d499f643f0c2d6,torus_mesh_switch_1,0.25,0.75,1024,512,1,4,32,32,1,1,1,1,False,2,replace_only,1024,1365,1707,2048,38.474608398937,39397.9990005115
354be052ada9b857,torus_mesh_switch_1,0.25,1,1024,512,1,4,32,32,1,1,1,1,False,2,none,1024,1365,1707,2048,25.8684517705091,26489.2946130013
6f1cae95d2502ab0,torus_mesh_switch_1,0.25,1,1024,512,1,4,32,32,1,1,1,1,False,2,replace_only,1024,1365,1707,2048,37.401795311868,38299.4383993529
d60a5d4e4e9477b3,torus_mesh_switch_1,0.25,1.25,1024,512,1,4,32,32,1,1,1,1,False,2,none,1024,1365,1707,2048,27.1540112540752,27805.707524173
8bb206af2c643f6c,torus_mesh_switch_1,0.25,1.25,1024,512,1,4,32,32,1,1,1,1,False,2,replace_only,1024,1365,1707,2048,34.5237328856139,35352.3024748686
495d6444f4c106c3,torus_mesh_switch_1,0.25,1.5,1024,512,1,4,32,32,1,1,1,1,False,2,none,1024,1365,1707,2048,28.0424211323091,28715.4392394845
f59554ef230fa9b4,torus_mesh_switch_1,0.25,1.5,1024,512,1,4,32,32,1,1,1,1,False,2,replace_only,1024,1365,1707,2048,34.7081714772118,35541.1675926649
caf87268d74f068c,torus_mesh_switch_1,0.25,2,1024,512,1,4,32,32,1,1,1,1,False,2,none,1024,1365,1707,2048,23.6608535569546,24228.7140423215
15ccd669e9786b92,torus_mesh_switch_1,0.25,2,1024,512,1,4,32,32,1,1,1,1,False,2,replace_only,1024,1365,1707,2048,27.1488537914845,27800.4262824801
e7ad6c834ee504f6,torus_mesh_switch_1,0.5,0.5,1024,512,1,4,32,32,1,1,1,1,False,2,none,1024,1365,1707,2048,16.2016968102557,16590.5375337019
bb145aba2ce2cbff,torus_mesh_switch_1,0.5,0.5,1024,512,1,4,32,32,1,1,1,1,False,2,replace_only,1024,1365,1707,2048,34.9821265415135,35821.6975785098
32f8e64e81c0099b,torus_mesh_switch_1,0.5,0.75,1024,512,1,4,32,32,1,1,1,1,False,2,none,1024,1365,1707,2048,21.5228499803345,22039.3983798626
41057bb549c6ffb8,torus_mesh_switch_1,0.5,0.75,1024,512,1,4,32,32,1,1,1,1,False,2,replace_only,1024,1365,1707,2048,38.3410194906355,39261.2039584107
e09d1a01e59cfa92,torus_mesh_switch_1,0.5,1,1024,512,1,4,32,32,1,1,1,1,False,2,none,1024,1365,1707,2048,25.7824268054402,26401.2050487707
3f268888f77273fd,torus_mesh_switch_1,0.5,1,1024,512,1,4,32,32,1,1,1,1,False,2,replace_only,1024,1365,1707,2048,37.3295330495897,38225.4418427798
d40c991dfdb3ea67,torus_mesh_switch_1,0.5,1.25,1024,512,1,4,32,32,1,1,1,1,False,2,none,1024,1365,1707,2048,27.08073388394,27730.6714971546
e27fcc50937a6396,torus_mesh_switch_1,0.5,1.25,1024,512,1,4,32,32,1,1,1,1,False,2,replace_only,1024,1365,1707,2048,34.4548840857511,35281.8013038091
ead6bd82dee979a9,torus_mesh_switch_1,0.5,1.5,1024,512,1,4,32,32,1,1,1,1,False,2,none,1024,1365,1707,2048,27.9642721881089,28635.4147206235
daea38150e8fd825,torus_mesh_switch_1,0.5,1.5,1024,512,1,4,32,32,1,1,1,1,False,2,replace_only,1024,1365,1707,2048,34.6385846291501,35469.9106602497
704f89830e6acf53,torus_mesh_switch_1,0.5,2,1024,512,1,4,32,32,1,1,1,1,False,2,none,1024,1365,1707,2048,23.6051817293653,24171.70609087
0e7f3bacc768fde7,torus_mesh_switch_1,0.5,2,1024,512,1,4,32,32,1,1,1,1,False,2,replace_only,1024,1365,1707,2048,27.1062566342832,27756.806793506
fc9de3ffecabdcef,torus_mesh_switch_1,1,0.5,1024,512,1,4,32,32,1,1,1,1,False,2,none,1024,1365,1707,2048,16.1342869110792,16521.5097969451
63bdabefcc027130,torus_mesh_switch_1,1,0.5,1024,512,1,4,32,32,1,1,1,1,False,2,replace_only,1024,1365,1707,2048,34.7629543136269,35597.2652171539
56435707c78a2eb4,torus_mesh_switch_1,1,0.75,1024,512,1,4,32,32,1,1,1,1,False,2,none,1024,1365,1707,2048,21.3984470349766,21912.009763816
6a7e370c959abafb,torus_mesh_switch_1,1,0.75,1024,512,1,4,32,32,1,1,1,1,False,2,replace_only,1024,1365,1707,2048,38.0601549631565,38973.5986822722
e30b8497833a0d56,torus_mesh_switch_1,1,1,1024,512,1,4,32,32,1,1,1,1,False,2,none,1024,1365,1707,2048,25.6040874919706,26218.5855917779
1a11c337f043258d,torus_mesh_switch_1,1,1,1024,512,1,4,32,32,1,1,1,1,False,2,replace_only,1024,1365,1707,2048,37.1689815646006,38061.037122151
0c22b66479fcff76,torus_mesh_switch_1,1,1.25,1024,512,1,4,32,32,1,1,1,1,False,2,none,1024,1365,1707,2048,26.9528861855616,27599.7554540151
11f16ba20682e6e2,torus_mesh_switch_1,1,1.25,1024,512,1,4,32,32,1,1,1,1,False,2,replace_only,1024,1365,1707,2048,34.3464803990173,35170.7959285937
5bc8eba1132d3086,torus_mesh_switch_1,1,1.5,1024,512,1,4,32,32,1,1,1,1,False,2,none,1024,1365,1707,2048,27.828647257572,28496.5347917537
259f8a6bf04c88b8,torus_mesh_switch_1,1,1.5,1024,512,1,4,32,32,1,1,1,1,False,2,replace_only,1024,1365,1707,2048,34.5300833547927,35358.8053553077
087f653680b72f39,torus_mesh_switch_1,1,2,1024,512,1,4,32,32,1,1,1,1,False,2,none,1024,1365,1707,2048,23.509679667558,24073.9119795794
2f81140df5b3f260,torus_mesh_switch_1,1,2,1024,512,1,4,32,32,1,1,1,1,False,2,replace_only,1024,1365,1707,2048,27.0413913385793,27690.3847307052
7d7212e567ea4c3f,torus_mesh_switch_1,2,0.5,1024,512,1,4,32,32,1,1,1,1,False,2,none,1024,1365,1707,2048,15.9948975600195,16378.77510146
995d44afdb4b2fb8,torus_mesh_switch_1,2,0.5,1024,512,1,4,32,32,1,1,1,1,False,2,replace_only,1024,1365,1707,2048,34.197890376266,35018.6397452964
c32aa6519e44ea2a,torus_mesh_switch_1,2,0.75,1024,512,1,4,32,32,1,1,1,1,False,2,none,1024,1365,1707,2048,21.1761305201448,21684.3576526282
3f1d6cebca7dd826,torus_mesh_switch_1,2,0.75,1024,512,1,4,32,32,1,1,1,1,False,2,replace_only,1024,1365,1707,2048,37.5806013355073,38482.5357675595
a6102a46114ca32c,torus_mesh_switch_1,2,1,1024,512,1,4,32,32,1,1,1,1,False,2,none,1024,1365,1707,2048,25.2878874975893,25894.7967975314
c8bc1faa833a7cf8,torus_mesh_switch_1,2,1,1024,512,1,4,32,32,1,1,1,1,False,2,replace_only,1024,1365,1707,2048,36.922715617884,37808.8607927132
1cce2acf2f228066,torus_mesh_switch_1,2,1.25,1024,512,1,4,32,32,1,1,1,1,False,2,none,1024,1365,1707,2048,26.6873838763317,27327.8810893637
83cdf2176ed44135,torus_mesh_switch_1,2,1.25,1024,512,1,4,32,32,1,1,1,1,False,2,replace_only,1024,1365,1707,2048,34.1098065634942,34928.441921018
68e29a09c67c9c91,torus_mesh_switch_1,2,1.5,1024,512,1,4,32,32,1,1,1,1,False,2,none,1024,1365,1707,2048,27.545683777962,28206.7801886331
ec732823d1a7c187,torus_mesh_switch_1,2,1.5,1024,512,1,4,32,32,1,1,1,1,False,2,replace_only,1024,1365,1707,2048,34.2908772230008,35113.8582763529
f018f5254251d1ce,torus_mesh_switch_1,2,2,1024,512,1,4,32,32,1,1,1,1,False,2,none,1024,1365,1707,2048,23.3073692707326,23866.7461332302
987b26f7f280d447,torus_mesh_switch_1,2,2,1024,512,1,4,32,32,1,1,1,1,False,2,replace_only,1024,1365,1707,2048,26.8944600382404,27539.9270791582
68e7eb366c703bb1,torus_mesh_switch_1,4,0.5,1024,512,1,4,32,32,1,1,1,1,False,2,none,1024,1365,1707,2048,15.7489403935921,16126.9149630383
49db6d0f1050d733,torus_mesh_switch_1,4,0.5,1024,512,1,4,32,32,1,1,1,1,False,2,replace_only,1024,1365,1707,2048,33.0970696403164,33891.399311684
24a47034e5f172fc,torus_mesh_switch_1,4,0.75,1024,512,1,4,32,32,1,1,1,1,False,2,none,1024,1365,1707,2048,20.7277533024817,21225.2193817413
189ab031df3dd9da,torus_mesh_switch_1,4,0.75,1024,512,1,4,32,32,1,1,1,1,False,2,replace_only,1024,1365,1707,2048,36.6027927313139,37481.2597568654
2dfe40f864307670,torus_mesh_switch_1,4,1,1024,512,1,4,32,32,1,1,1,1,False,2,none,1024,1365,1707,2048,24.6510154354696,25242.6398059209
e2104c67d0458851,torus_mesh_switch_1,4,1,1024,512,1,4,32,32,1,1,1,1,False,2,replace_only,1024,1365,1707,2048,36.0503065095957,36915.513865826
a5f7d94860939c6c,torus_mesh_switch_1,4,1.25,1024,512,1,4,32,32,1,1,1,1,False,2,none,1024,1365,1707,2048,26.1871072135642,26815.5977866897
4e3975eb782dcf19,torus_mesh_switch_1,4,1.25,1024,512,1,4,32,32,1,1,1,1,False,2,replace_only,1024,1365,1707,2048,33.6714731335231,34479.5884887276
c4ece74490e64755,torus_mesh_switch_1,4,1.5,1024,512,1,4,32,32,1,1,1,1,False,2,none,1024,1365,1707,2048,27.0138654876659,27662.1982593699
4d6dd9e436171e3a,torus_mesh_switch_1,4,1.5,1024,512,1,4,32,32,1,1,1,1,False,2,replace_only,1024,1365,1707,2048,33.849260652276,34661.6429079307
0a57d54941155fe0,torus_mesh_switch_1,4,2,1024,512,1,4,32,32,1,1,1,1,False,2,none,1024,1365,1707,2048,22.9269609486884,23477.208011457
b7512228274f7331,torus_mesh_switch_1,4,2,1024,512,1,4,32,32,1,1,1,1,False,2,replace_only,1024,1365,1707,2048,26.6241361924548,27263.1154610737
