baseline_noc,scaled_layer,bw_multiplier,bs,seq,orig_sm_count,baseline_sm_count,tp,ep,dp,pp,sp,cp,stps_logic_die,stps_noc_to_dram,orig_stps_from_csv,recon_rel_err
torus_mesh_mesh_3,L1,0.5,1024,1024,8,8,1,16,4,4,1,1,189973.1614265385,189973.1614265385,189973.1614265385,0.0
torus_mesh_mesh_3,L1,0.25,64,1024,8,8,2,16,1,4,2,1,155071.44236380106,155071.44236380106,155071.44236380106,0.0
torus_mesh_mesh_3,L1,0.5,64,1024,8,8,2,16,1,4,2,1,165850.82147848056,165850.82147848056,165850.82147848056,0.0
torus_mesh_mesh_3,L1,0.25,1024,1024,8,8,1,32,2,4,1,1,176959.7879743595,176959.7879743595,176959.7879743595,0.0
torus_mesh_mesh_3,L1,1.0,64,1024,8,8,2,16,1,4,2,1,169076.2964881729,169076.2964881729,169076.2964881729,0.0
torus_mesh_mesh_3,L1,0.25,256,1024,8,8,1,64,1,4,1,1,171205.45751635972,171205.45751635972,171205.45751635972,0.0
torus_mesh_mesh_3,L1,0.25,256,8192,8,8,2,32,4,1,1,1,107320.53170357828,107320.53170357828,105809.3337502687,0.014282274538050714
torus_mesh_mesh_3,L1,0.5,256,8192,8,8,2,32,4,1,1,1,111668.2281876515,111668.2281876515,108267.42046791654,0.03141118265344414
torus_mesh_mesh_3,L1,1.0,256,8192,8,8,2,32,4,1,1,1,113180.04507108974,113180.04507108974,108284.17367516144,0.04521317594032982
torus_mesh_mesh_3,L1,0.5,256,1024,8,8,1,64,1,4,1,1,183796.96874221388,183796.96874221388,183796.96874221388,0.0
torus_mesh_mesh_3,L1,1.0,256,1024,8,8,1,64,1,4,1,1,188585.4767902949,188585.4767902949,188585.4767902949,0.0
torus_mesh_mesh_3,L1,3.0,64,1024,7,8,2,16,1,4,2,1,145039.07000949603,169252.9468518203,145039.07000949603,0.0
torus_mesh_mesh_3,L1,1.0,1024,1024,8,8,1,64,1,4,1,1,191052.4076448931,191052.4076448931,191052.4076448931,0.0
torus_mesh_mesh_3,L1,1.5,256,1024,8,8,1,64,1,4,1,1,188683.22021177076,188683.22021177076,188683.2202117708,1.5424705187916913e-16
torus_mesh_mesh_3,L1,1.5,64,1024,8,8,2,16,1,4,2,1,169240.33733687058,169240.33733687058,169240.33733687058,0.0
torus_mesh_mesh_3,L1,2.0,256,1024,8,8,1,64,1,4,1,1,188683.22021177076,188683.22021177076,188683.2202117708,1.5424705187916913e-16
torus_mesh_mesh_3,L1,1.5,256,8192,8,8,2,32,4,1,1,1,113184.49026347141,113184.49026347141,108288.24260378804,0.045214951706235344
torus_mesh_mesh_3,L1,1.0,64,8192,8,8,8,8,2,2,1,1,103566.29798339856,103566.29798339856,103566.29798339856,0.0
torus_mesh_mesh_3,L1,2.0,256,8192,8,8,2,32,4,1,1,1,113184.57425575123,113184.57425575123,108288.3194863998,0.04521498525947993
torus_mesh_mesh_3,L1,1.5,64,8192,8,8,8,8,2,2,1,1,103967.2971660586,103967.2971660586,103967.2971660586,0.0
torus_mesh_mesh_3,L1,2.0,1024,1024,8,8,1,64,1,4,1,1,191077.56835562258,191077.56835562258,191077.56835562256,1.5231421828944009e-16
torus_mesh_mesh_3,L1,0.25,64,8192,8,8,2,16,1,4,2,1,98849.02585810566,98849.02585810566,98849.02585810566,0.0
torus_mesh_mesh_3,L1,1.5,1024,1024,8,8,1,64,1,4,1,1,191077.56835562258,191077.56835562258,191077.56835562256,1.5231421828944009e-16
torus_mesh_mesh_3,L1,2.0,64,8192,8,8,8,8,2,2,1,1,104161.79552964299,104161.79552964299,104161.795529643,1.3970491920164317e-16
torus_mesh_mesh_3,L1,2.0,64,1024,8,8,2,16,1,4,2,1,169246.64185948131,169246.64185948131,169246.64185948131,0.0
torus_mesh_mesh_3,L1,0.5,64,8192,8,8,2,16,1,4,2,1,102299.855820111,102299.855820111,102299.855820111,0.0
torus_mesh_mesh_3,L1,3.0,256,8192,7,8,2,32,4,1,1,1,98316.28132451227,113184.6582481557,96144.84794234046,0.02258502071243635
torus_mesh_mesh_3,L1,3.0,1024,1024,7,8,1,64,1,4,1,1,161100.3490790761,191077.56835562258,161100.3490790761,0.0
torus_mesh_mesh_3,L1,4.0,64,1024,7,8,2,16,1,4,2,1,145041.09566123877,169256.0995241543,145041.09566123877,0.0
torus_mesh_mesh_3,L1,3.0,256,1024,7,8,1,64,1,4,1,1,158493.38893304963,188683.22021177076,158493.38893304963,0.0
torus_mesh_mesh_3,L1,4.0,256,1024,7,8,1,64,1,4,1,1,158493.38893304963,188683.22021177076,158493.38893304963,0.0
torus_mesh_mesh_3,L1,4.0,1024,1024,7,8,1,64,1,4,1,1,161100.3490790761,191077.56835562258,161100.3490790761,0.0
torus_mesh_mesh_3,L1,4.0,256,8192,7,8,2,32,4,1,1,1,98316.30904701672,113184.7002444047,96144.87445379808,0.022585027080794746
torus_mesh_mesh_3,L1,3.0,64,8192,7,8,8,8,2,2,1,1,89313.40249464194,104340.76253281874,89313.40249464194,0.0
torus_mesh_mesh_3,L1,0.25,16,1024,8,8,8,8,1,2,2,1,125332.18367140107,125332.18367140107,125332.18367140109,1.161067716375182e-16
torus_mesh_mesh_3,L1,0.25,16,8192,8,8,8,8,1,2,2,1,93027.7489232984,93027.7489232984,93027.7489232984,0.0
torus_mesh_mesh_3,L2,0.25,64,1024,9,8,2,16,1,4,2,1,169313.69336580954,158021.7642834187,169313.69336580954,0.0
torus_mesh_mesh_3,L2,0.25,256,8192,9,8,1,8,8,4,1,1,117816.76333139642,109367.63775767315,117816.76333139642,0.0
torus_mesh_mesh_3,L1,0.25,1,1024,8,8,64,4,1,1,1,1,11064.39982404641,11064.39982404641,11064.39982404641,0.0
torus_mesh_mesh_3,L1,0.5,1,1024,8,8,64,4,1,1,1,1,13019.634988168787,13019.634988168787,13019.634988168787,0.0
torus_mesh_mesh_3,L1,1.0,16,1024,8,8,8,8,1,2,2,1,147734.66201133482,147734.66201133482,147734.66201133482,0.0
torus_mesh_mesh_3,L1,4.0,64,8192,7,8,8,8,2,2,1,1,89313.542700028,104340.98126547599,89313.542700028,0.0
torus_mesh_mesh_3,L1,0.5,16,8192,8,8,8,8,1,2,2,1,99395.4378236572,99395.4378236572,99395.4378236572,0.0
torus_mesh_mesh_3,L1,1.5,16,1024,8,8,8,8,1,2,2,1,148996.65045666829,148996.65045666829,148996.65045666829,0.0
torus_mesh_mesh_3,L2,0.25,256,1024,9,8,1,64,1,4,1,1,190718.4872354349,177033.42235906454,190718.4872354349,0.0
torus_mesh_mesh_3,L1,1.0,1,1024,8,8,64,4,1,1,1,1,14146.655811178822,14146.655811178822,14146.655811178822,0.0
torus_mesh_mesh_3,L1,1.0,16,8192,8,8,8,8,1,2,2,1,102197.78236513962,102197.78236513962,102197.78236513962,0.0
torus_mesh_mesh_3,L1,0.5,16,1024,8,8,8,8,1,2,2,1,140399.37929430194,140399.37929430194,140399.37929430194,0.0
torus_mesh_mesh_3,L1,2.0,1,1024,8,8,64,4,1,1,1,1,14464.297530298738,14464.297530298738,14464.297530298738,0.0
torus_mesh_mesh_3,L1,1.5,1,1024,8,8,64,4,1,1,1,1,14373.89019818901,14373.89019818901,14373.89019818901,0.0
torus_mesh_mesh_3,L2,0.25,1024,1024,9,8,1,64,1,4,1,1,195612.33220411788,179969.12806457293,195612.33220411788,0.0
torus_mesh_mesh_3,L1,3.0,1,1024,7,8,64,4,1,1,1,1,13209.585069271217,14555.849329171346,13209.585069271216,1.3770223621764461e-16
torus_mesh_mesh_3,L1,1.5,16,8192,8,8,8,8,1,2,2,1,102631.84889199553,102631.84889199553,102631.84889199553,0.0
torus_mesh_mesh_3,L2,0.5,1024,1024,9,8,1,8,8,4,1,1,209468.84202877874,190893.94606575154,209468.8420287788,2.778821916887777e-16
torus_mesh_mesh_3,L1,2.0,16,8192,8,8,8,8,1,2,2,1,102822.64623687054,102822.64623687054,102822.64623687054,0.0
torus_mesh_mesh_3,L1,3.0,16,1024,7,8,8,8,1,2,2,1,127206.93695688515,149820.48083973394,127206.93695688515,0.0
torus_mesh_mesh_3,L1,2.0,16,1024,8,8,8,8,1,2,2,1,149424.09939576534,149424.09939576534,149424.09939576534,0.0
torus_mesh_mesh_3,L2,0.25,64,8192,9,8,2,16,1,4,2,1,109949.51911592613,99794.1200798645,109949.51911592612,1.323508765238339e-16
torus_mesh_mesh_3,L2,0.5,64,1024,9,8,2,16,1,4,2,1,180512.31566603,167504.86035420033,180512.31566603,0.0
torus_mesh_mesh_3,L2,0.5,256,8192,9,8,1,8,8,4,1,1,118624.6589642634,112766.09306523878,118624.6589642634,0.0
torus_mesh_mesh_3,L1,0.25,4,1024,8,8,32,2,1,2,2,1,53570.1126386934,53570.1126386934,53570.1126386934,0.0
torus_mesh_mesh_3,L2,0.5,256,1024,9,8,1,64,1,4,1,1,202528.11637737483,187103.20302394213,202528.11637737483,0.0
torus_mesh_mesh_3,L1,1.5,4,1024,8,8,32,2,1,2,2,1,69262.71425830184,69262.71425830184,69262.71425830184,0.0
torus_mesh_mesh_3,L1,4.0,1,1024,7,8,64,4,1,1,1,1,13247.628801904768,14602.061216364824,13247.628801904768,0.0
torus_mesh_mesh_3,L1,1.0,4,1024,8,8,32,2,1,2,2,1,68081.68919541845,68081.68919541845,68081.68919541845,0.0
torus_mesh_mesh_3,L1,4.0,16,1024,7,8,8,8,1,2,2,1,127215.99487585497,149834.84075448004,127215.99487585496,1.143874655271728e-16
torus_mesh_mesh_3,L1,3.0,16,8192,7,8,8,8,1,2,2,1,87546.81088028409,102998.30961474226,87546.81088028409,0.0
torus_mesh_mesh_3,L2,1.0,256,1024,8,8,1,64,1,4,1,1,188585.4767902949,188585.4767902949,188585.4767902949,0.0
torus_mesh_mesh_3,L2,1.0,256,8192,8,8,2,32,4,1,1,1,113180.04507108974,113180.04507108974,108284.17367516144,0.04521317594032982
torus_mesh_mesh_3,L2,1.0,1024,1024,8,8,1,64,1,4,1,1,191052.4076448931,191052.4076448931,191052.4076448931,0.0
torus_mesh_mesh_3,L1,0.5,4,1024,8,8,32,2,1,2,2,1,62806.78779512748,62806.78779512748,62806.78779512748,0.0
torus_mesh_mesh_3,L2,0.25,16,1024,9,8,8,8,1,2,2,1,150778.6700565405,135326.42090616538,150778.6700565405,0.0
torus_mesh_mesh_3,L2,1.0,64,8192,8,8,8,8,2,2,1,1,103566.29798339856,103566.29798339856,103566.29798339856,0.0
torus_mesh_mesh_3,L1,0.25,4,8192,8,8,32,2,1,2,2,1,57389.76040769857,57389.76040769857,57389.76040769857,0.0
torus_mesh_mesh_3,L2,0.25,1,1024,9,8,64,4,1,1,1,1,12442.39480554018,11775.60818678491,12442.39480554018,0.0
torus_mesh_mesh_3,L2,1.5,64,1024,7,8,2,16,1,4,2,1,144922.75567999593,169076.2964881729,144922.75567999593,0.0
torus_mesh_mesh_3,L2,0.25,16,8192,9,8,8,8,1,2,2,1,107661.74158938926,97649.11029574974,107661.74158938926,0.0
torus_mesh_mesh_3,L1,0.5,4,8192,8,8,32,2,1,2,2,1,69427.68014357905,69427.68014357905,69427.68014357905,0.0
torus_mesh_mesh_3,L1,3.0,4,1024,7,8,32,2,1,2,1,2,63176.23734113136,70383.02764084468,63176.23734113136,0.0
torus_mesh_mesh_3,L1,1.0,4,8192,8,8,32,2,1,2,2,1,76690.11470770676,76690.11470770676,76690.11470770676,0.0
torus_mesh_mesh_3,L1,2.0,4,1024,8,8,32,2,1,2,2,1,69832.93892987087,69832.93892987087,69832.93892987087,0.0
torus_mesh_mesh_3,L2,1.0,64,1024,8,8,2,16,1,4,2,1,169076.2964881729,169076.2964881729,169076.2964881729,0.0
torus_mesh_mesh_3,L2,0.5,64,8192,9,8,8,8,2,2,1,1,114250.06018157699,103060.2742976074,114250.060181577,1.2736899398774556e-16
torus_mesh_mesh_3,L2,1.5,256,1024,7,8,1,64,1,4,1,1,158433.48787525602,188585.4767902949,158433.48787525602,0.0
torus_mesh_mesh_3,L2,1.5,64,8192,7,8,8,8,2,2,1,1,88747.12615734889,103566.87841848609,88747.12615734889,0.0
torus_mesh_mesh_3,L2,1.5,1024,1024,7,8,1,64,1,4,1,1,161084.74390346959,191052.4076448931,161084.7439034696,1.8067403375067125e-16
torus_mesh_mesh_3,L2,1.5,256,8192,7,8,2,32,4,1,1,1,98313.23564863992,113180.04507108974,96141.93531362682,0.022584321065828923
torus_mesh_mesh_3,L2,2.0,64,1024,6,8,2,16,1,4,2,1,127659.36396596949,169076.2964881729,127659.36396596947,1.1399019058442119e-16
torus_mesh_mesh_3,L1,4.0,4,1024,7,8,32,2,1,2,1,2,63203.086279164556,70497.67715541685,63203.08627916456,1.151202898865717e-16
torus_mesh_mesh_3,L1,3.0,4,8192,7,8,32,2,1,2,1,2,68802.92400514016,79564.13322376716,68802.92400514016,0.0
torus_mesh_mesh_3,L2,0.5,16,1024,9,8,8,8,1,2,2,1,164359.02500708678,145529.09457843844,164359.02500708678,0.0
torus_mesh_mesh_3,L2,0.5,1,1024,9,8,64,4,1,1,1,1,14114.499337498606,13262.590010148324,14114.499337498606,0.0
torus_mesh_mesh_3,L1,4.0,16,8192,7,8,8,8,1,2,2,1,87547.34778400479,102999.15897002297,87547.34778400479,0.0
torus_mesh_mesh_3,L2,2.0,256,1024,6,8,1,64,1,4,1,1,140089.33764172165,188585.4767902949,140089.33764172165,0.0
torus_mesh_mesh_3,L1,2.0,4,8192,8,8,32,2,1,2,2,1,78941.15571929186,78941.15571929186,78941.15571929186,0.0
torus_mesh_mesh_3,L1,1.5,4,8192,8,8,32,2,1,2,2,1,78213.77405261704,78213.77405261704,78213.77405261704,0.0
torus_mesh_mesh_3,L2,2.0,256,8192,6,8,2,32,4,1,1,1,84109.59011233438,113180.04507108974,82829.88686803161,0.01544977655639749
torus_mesh_mesh_3,L2,3.0,64,1024,5,8,2,16,1,4,2,1,105719.23855130613,169076.2964881729,105719.23855130612,1.3764680324768637e-16
torus_mesh_mesh_3,L2,2.0,1024,1024,6,8,1,64,1,4,1,1,142295.78931207908,191052.4076448931,142295.78931207908,0.0
torus_mesh_mesh_3,L2,0.25,4,1024,9,8,32,2,1,2,2,1,65658.49060058477,59241.18349824044,65658.49060058477,0.0
torus_mesh_mesh_3,L1,4.0,4,8192,7,8,32,2,1,2,1,2,68812.64947663857,79575.22328014912,68812.64947663857,0.0
torus_mesh_mesh_3,L2,1.0,1,1024,8,8,64,4,1,1,1,1,14146.655811178822,14146.655811178822,14146.655811178822,0.0
torus_mesh_mesh_3,L2,1.0,16,1024,8,8,8,8,1,2,2,1,147734.66201133482,147734.66201133482,147734.66201133482,0.0
torus_mesh_mesh_3,L2,1.0,16,8192,8,8,8,8,1,2,2,1,102197.78236513962,102197.78236513962,102197.78236513962,0.0
torus_mesh_mesh_3,L2,0.25,4,8192,9,8,32,2,1,2,1,2,68836.55692920307,63935.42615212957,68836.55692920307,0.0
torus_mesh_mesh_3,L2,3.0,256,1024,5,8,1,64,1,4,1,1,115411.50054395883,188585.4767902949,115411.50054395884,1.260872197292349e-16
torus_mesh_mesh_3,L2,0.5,16,8192,9,8,8,8,1,2,2,1,112496.36924794447,101561.05090317984,112496.36924794449,1.2935453228978535e-16
torus_mesh_mesh_3,L2,3.0,256,8192,5,8,2,32,4,1,1,1,70241.12600323455,113180.04507108974,69669.56320410939,0.008203909610437174
torus_mesh_mesh_3,L2,2.0,64,8192,6,8,2,16,1,4,2,1,77563.98674532051,103566.87841848609,77563.98674532051,0.0
torus_mesh_mesh_3,L2,3.0,1024,1024,5,8,1,64,1,4,1,1,117142.6233035815,191052.4076448931,117142.6233035815,0.0
torus_mesh_mesh_3,L2,1.5,1,1024,7,8,64,4,1,1,1,1,12973.934442643891,14270.212879040015,12973.934442643893,1.4020337559029424e-16
torus_mesh_mesh_3,L2,4.0,64,1024,3,8,2,16,1,4,2,1,67333.37101790264,169076.2964881729,67333.37101790264,0.0
torus_mesh_mesh_3,L2,0.5,4,1024,9,8,32,2,1,2,2,1,73016.53211255808,65166.30048041367,73016.53211255808,0.0
torus_mesh_mesh_3,L2,1.5,16,1024,7,8,8,8,1,2,2,1,125783.72192376373,147771.9461845896,125783.72192376372,1.1568997168955317e-16
torus_mesh_mesh_3,L2,1.5,16,8192,7,8,8,8,1,2,2,1,86973.9593162059,102200.01789358277,86973.9593162059,0.0
torus_mesh_mesh_3,L2,3.0,64,8192,5,8,2,16,1,4,2,1,64335.01260752144,103566.87841848609,64335.01260752144,0.0
torus_mesh_mesh_3,L2,4.0,256,8192,3,8,1,32,8,1,1,1,42783.80164832899,114310.67604409494,42783.80164832899,0.0
torus_mesh_mesh_3,L2,4.0,256,1024,3,8,1,64,1,4,1,1,71495.20629390568,188585.4767902949,71495.20629390568,0.0
torus_mesh_mesh_3,L2,0.5,4,8192,9,8,32,2,1,2,1,2,78566.65725379014,72090.28853210784,78566.65725379014,0.0
torus_mesh_mesh_3,L2,2.0,1,1024,6,8,64,4,1,1,1,1,12960.979006958827,14270.212879040015,12960.979006958829,1.4034351900186165e-16
torus_mesh_mesh_3,L3,0.25,256,8192,9,8,1,32,2,4,1,1,111089.18056830826,113180.04507108974,111089.18056830826,0.0
torus_mesh_mesh_3,L2,2.0,16,1024,6,8,8,8,1,2,2,1,118283.71770836666,147771.9461845896,118283.71770836666,0.0
torus_mesh_mesh_3,L2,4.0,64,8192,3,8,2,16,1,4,2,1,39424.74660221994,103566.87841848609,39424.74660221994,0.0
torus_mesh_mesh_3,L2,1.0,4,1024,8,8,32,2,1,2,2,1,68081.68919541845,68081.68919541845,68081.68919541845,0.0
torus_mesh_mesh_3,L2,2.0,16,8192,6,8,8,8,1,2,2,1,75944.43898468558,102200.01789358277,75944.43898468558,0.0
torus_mesh_mesh_3,L3,0.25,1024,1024,9,8,1,64,1,4,1,1,187153.82340566412,172187.99186830138,187153.8234056641,1.555075388102004e-16
torus_mesh_mesh_3,L3,0.25,64,8192,9,8,8,8,2,2,1,1,115049.06654441387,103566.29798339856,115049.06654441389,1.264844267358674e-16
torus_mesh_mesh_3,L2,4.0,1024,1024,3,8,2,32,4,1,1,1,75274.75426838454,203924.94730212068,73249.13178072545,0.027653877096084595
torus_mesh_mesh_3,L2,1.5,4,1024,7,8,32,2,1,2,1,2,61565.205706919456,68455.00560947607,61565.205706919456,0.0
torus_mesh_mesh_3,L3,0.5,256,1024,8,8,1,64,1,4,1,1,182023.970398529,182023.970398529,182023.970398529,0.0
torus_mesh_mesh_3,L2,1.0,4,8192,8,8,32,2,1,2,2,1,76690.11470770676,76690.11470770676,76690.11470770676,0.0
torus_mesh_mesh_3,L2,3.0,1,1024,5,8,64,4,1,1,1,1,11597.784801512615,14270.212879040015,11597.784801512616,1.5683938223346053e-16
torus_mesh_mesh_3,L2,3.0,16,1024,5,8,8,8,1,2,2,1,94461.80555177067,147771.9461845896,94461.80555177068,1.5405078426530326e-16
torus_mesh_mesh_3,L2,3.0,16,8192,5,8,8,8,1,2,2,1,62714.89156040966,102200.01789358277,62714.89156040966,0.0
torus_mesh_mesh_3,L3,0.5,1024,1024,8,8,1,64,1,4,1,1,184321.1768940676,184321.1768940676,184321.1768940676,0.0
torus_mesh_mesh_3,L3,0.5,64,8192,8,8,8,8,2,2,1,1,103566.29798339856,103566.29798339856,103566.29798339856,0.0
torus_mesh_mesh_3,L3,0.25,64,1024,9,8,8,8,2,2,1,1,182330.86788103118,167150.3264809037,182330.8678810312,1.5962097254823368e-16
torus_mesh_mesh_3,L2,1.5,4,8192,7,8,32,2,1,2,1,2,67256.02023830492,77163.27465092491,67256.02023830492,0.0
torus_mesh_mesh_3,L3,1.0,64,1024,8,8,2,16,1,4,2,1,169076.2964881729,169076.2964881729,169076.2964881729,0.0
torus_mesh_mesh_3,L2,4.0,16,1024,3,8,8,8,1,2,2,1,61561.32137637808,147771.9461845896,61561.32137637808,0.0
torus_mesh_mesh_3,L2,4.0,1,1024,3,8,64,4,1,1,1,1,8642.256529349925,14270.212879040015,8642.256529349925,0.0
torus_mesh_mesh_3,L3,0.25,256,1024,9,8,8,8,2,2,1,1,192244.32197063408,176280.32395932433,192244.32197063408,0.0
torus_mesh_mesh_3,L3,0.5,256,8192,8,8,1,32,2,4,1,1,104733.4042477615,113180.04507108974,104733.4042477615,0.0
torus_mesh_mesh_3,L2,4.0,16,8192,3,8,8,8,1,2,2,1,38463.405562266285,102200.01789358277,38463.405562266285,0.0
torus_mesh_mesh_3,L3,0.5,64,1024,8,8,8,8,2,2,1,1,167150.3264809037,167150.3264809037,167150.3264809037,0.0
torus_mesh_mesh_3,L2,2.0,4,1024,6,8,32,2,1,2,2,1,57872.204294613875,68455.00560947607,57872.20429461388,1.257245633351587e-16
torus_mesh_mesh_3,L3,1.0,256,1024,8,8,1,64,1,4,1,1,188585.4767902949,188585.4767902949,188585.4767902949,0.0
torus_mesh_mesh_3,L3,1.0,1024,1024,8,8,1,64,1,4,1,1,191052.4076448931,191052.4076448931,191052.4076448931,0.0
torus_mesh_mesh_3,L3,1.0,256,8192,8,8,2,32,4,1,1,1,113180.04507108974,113180.04507108974,108284.17367516144,0.04521317594032982
torus_mesh_mesh_3,L3,1.0,64,8192,8,8,8,8,2,2,1,1,103566.29798339856,103566.29798339856,103566.29798339856,0.0
torus_mesh_mesh_3,L3,0.25,1,1024,9,8,64,4,1,1,1,1,8515.780182733537,8197.376805778995,8515.780182733537,0.0
torus_mesh_mesh_3,L3,1.5,64,1024,7,8,2,16,1,4,2,1,147649.49754884606,172799.35895651302,147649.49754884606,0.0
torus_mesh_mesh_3,L3,0.25,16,8192,9,8,8,8,1,2,2,1,113354.55865247358,102197.78236513962,113354.55865247358,0.0
torus_mesh_mesh_3,L3,0.25,16,1024,9,8,8,8,1,2,2,1,167580.6247532673,147734.66201133482,167580.6247532673,0.0
torus_mesh_mesh_3,L2,2.0,4,8192,6,8,32,2,1,2,1,2,59640.00064948542,77163.27465092491,59640.00064948542,0.0
torus_mesh_mesh_3,L3,1.5,256,1024,7,8,1,64,1,4,1,1,160049.13228157532,190879.04666463996,160049.13228157532,0.0
torus_mesh_mesh_3,L3,1.5,256,8192,7,8,2,32,4,1,1,1,98313.23564863992,113180.04507108974,97731.44051014488,0.005952998701934107
torus_mesh_mesh_3,L3,1.5,1024,1024,7,8,1,64,1,4,1,1,162755.19880469612,193406.7500034832,162755.19880469612,0.0
torus_mesh_mesh_3,L3,0.5,16,1024,8,8,8,8,1,2,2,1,147734.66201133482,147734.66201133482,147734.66201133482,0.0
torus_mesh_mesh_3,L3,0.5,1,1024,8,8,64,4,1,1,1,1,11390.974131622534,11390.974131622534,11390.974131622534,0.0
torus_mesh_mesh_3,L2,3.0,4,8192,5,8,32,2,1,2,2,1,49161.624415517166,77163.27465092491,49161.624415517166,0.0
torus_mesh_mesh_3,L3,0.5,16,8192,8,8,8,8,1,2,2,1,102197.78236513962,102197.78236513962,102197.78236513962,0.0
torus_mesh_mesh_3,L3,2.0,64,1024,7,8,2,16,1,4,2,1,149051.71192721868,174723.0611095704,149051.71192721868,0.0
torus_mesh_mesh_3,L2,3.0,4,1024,5,8,32,2,1,2,1,2,46829.787004288504,68455.00560947607,46829.7870042885,1.553702905699127e-16
torus_mesh_mesh_3,L3,1.5,64,8192,7,8,2,16,1,4,2,1,89668.83212717551,104580.01578413979,89668.83212717551,0.0
torus_mesh_mesh_3,L3,2.0,256,1024,7,8,1,64,1,4,1,1,160869.374607609,192046.88033533367,160869.374607609,0.0
torus_mesh_mesh_3,L1,0.25,1,8192,8,8,64,4,1,1,1,1,10875.18530272862,10875.18530272862,10875.18530272862,0.0
torus_mesh_mesh_3,L3,1.0,1,1024,8,8,64,4,1,1,1,1,14146.655811178822,14146.655811178822,14146.655811178822,0.0
torus_mesh_mesh_3,L3,1.0,16,1024,8,8,8,8,1,2,2,1,147734.66201133482,147734.66201133482,147734.66201133482,0.0
torus_mesh_mesh_3,L1,1.5,1,8192,8,8,64,4,1,1,1,1,14005.24235266366,14005.24235266366,14005.24235266366,0.0
torus_mesh_mesh_3,L1,0.5,1,8192,8,8,64,4,1,1,1,1,12758.42733936244,12758.42733936244,12758.42733936244,0.0
torus_mesh_mesh_3,L3,3.0,64,1024,6,8,2,16,1,4,2,1,131952.51139078365,176690.07698025033,131952.51139078365,0.0
torus_mesh_mesh_3,L3,0.25,4,1024,9,8,32,2,1,2,2,1,76696.46260341043,68081.68919541845,76696.46260341043,0.0
torus_mesh_mesh_3,L3,1.0,16,8192,8,8,8,8,1,2,2,1,102197.78236513962,102197.78236513962,102197.78236513962,0.0
torus_mesh_mesh_3,L3,3.0,256,1024,6,8,1,64,1,4,1,1,142635.63184916886,193229.09202260198,142635.63184916886,0.0
torus_mesh_mesh_3,L3,2.0,64,8192,7,8,2,16,1,4,2,1,90184.08078678441,105281.5460805158,90184.0807867844,1.6135791484941647e-16
torus_mesh_switch_1,L1,0.25,64,1024,8,8,2,8,1,8,2,1,160885.6914625262,160885.6914625262,160885.6914625262,0.0
torus_mesh_switch_1,L1,0.25,256,1024,8,8,1,16,2,8,1,1,176494.31297959576,176494.31297959576,176494.31297959576,0.0
torus_mesh_mesh_3,L3,2.0,256,8192,7,8,1,64,4,1,1,1,99271.14492510133,114312.59359558909,99271.14492510133,0.0
torus_mesh_mesh_3,L3,2.0,1024,1024,7,8,2,32,4,1,1,1,170863.79030649803,203924.94730212068,164531.46990364924,0.03848698614652289
torus_mesh_mesh_3,L2,4.0,4,1024,3,8,32,2,1,2,1,2,31274.169591568065,68455.00560947607,31274.169591568065,0.0
torus_mesh_mesh_3,L3,0.25,4,8192,9,8,32,2,1,2,1,2,84132.08784216156,76690.11470770676,84132.08784216156,0.0
torus_mesh_mesh_3,L3,0.5,4,1024,8,8,32,2,1,2,2,1,68081.68919541845,68081.68919541845,68081.68919541845,0.0
torus_mesh_switch_1,L1,0.25,16,8192,8,8,8,2,1,8,2,1,83543.07249541559,83543.07249541559,83543.07249541559,0.0
torus_mesh_switch_1,L1,0.25,256,8192,8,8,1,16,2,8,1,1,103057.7333034412,103057.7333034412,101564.52546249442,0.014702060922818852
torus_mesh_switch_1,L1,0.25,1,1024,8,8,16,16,1,1,1,1,12088.81619918591,12088.81619918591,12088.81619918591,0.0
torus_mesh_mesh_3,L3,1.5,1,1024,7,8,64,4,1,1,1,1,13723.466820559364,15246.5144374452,13723.466820559364,0.0
torus_mesh_switch_1,L1,0.25,64,8192,8,8,2,8,1,8,2,1,99413.06733140728,99413.06733140728,99413.06733140728,0.0
torus_mesh_switch_1,L1,0.25,1024,1024,8,8,1,16,1,16,1,1,169912.5769050476,169912.5769050476,169912.5769050476,0.0
torus_mesh_switch_1,L1,0.25,16,1024,8,8,8,4,1,4,2,1,114248.0897741746,114248.0897741746,114248.0897741746,0.0
torus_mesh_switch_1,L1,0.5,256,1024,8,8,1,16,2,8,1,1,176609.40460451043,176609.40460451043,176609.40460451043,0.0
torus_mesh_mesh_3,L3,3.0,256,8192,6,8,1,32,8,1,1,1,84924.28148912301,114310.67604409494,84924.28148912301,0.0
torus_mesh_switch_1,L1,0.5,256,8192,8,8,1,16,2,8,1,1,103062.68617556691,103062.68617556691,101569.33584629268,0.014702767492091779
torus_mesh_switch_1,L1,0.5,1024,1024,8,8,2,8,2,8,1,1,170442.33098714726,170442.33098714726,170442.33098714726,0.0
torus_mesh_switch_1,L1,0.5,64,1024,8,8,2,8,1,8,2,1,162008.733318138,162008.733318138,162008.733318138,0.0
torus_mesh_mesh_3,L1,1.0,1,8192,8,8,64,4,1,1,1,1,13836.404924139031,13836.404924139031,13836.404924139031,0.0
torus_mesh_switch_1,L1,0.5,64,8192,8,8,2,8,1,8,2,1,99772.36224164684,99772.36224164684,99772.36224164684,0.0
torus_mesh_mesh_3,L3,1.5,16,8192,7,8,8,8,1,2,2,1,86972.54285190739,102197.78236513962,86972.54285190739,0.0
torus_mesh_mesh_3,L3,4.0,64,1024,5,8,2,16,1,4,2,1,109023.95299873399,177690.28729293396,109023.952998734,1.3347447811340898e-16
torus_mesh_switch_1,L1,0.5,16,8192,8,8,8,2,1,8,2,1,84021.97781359262,84021.97781359262,84021.97781359262,0.0
torus_mesh_switch_1,L1,0.5,1,1024,8,8,16,16,1,1,1,1,12996.331067791183,12996.331067791183,12996.331067791183,0.0
torus_mesh_switch_1,L1,1.0,256,1024,8,8,1,16,2,8,1,1,176609.40460451043,176609.40460451043,176609.40460451043,0.0
torus_mesh_mesh_3,L1,3.0,1,8192,7,8,64,4,1,1,1,1,12710.504715084408,14178.251127300893,12710.504715084408,0.0
torus_mesh_mesh_3,L3,0.5,4,8192,8,8,32,2,1,2,2,1,76690.11470770676,76690.11470770676,76690.11470770676,0.0
torus_mesh_mesh_3,L3,1.5,16,1024,7,8,8,8,1,2,2,1,125760.08417346312,147734.66201133482,125760.08417346312,0.0
torus_mesh_switch_1,L1,1.0,256,8192,8,8,1,16,2,8,1,1,103062.68617556691,103062.68617556691,101569.33584629268,0.014702767492091779
torus_mesh_mesh_3,L1,4.0,1,8192,7,8,64,4,1,1,1,1,12745.792037603029,14222.173265658286,12745.792037603029,0.0
torus_mesh_mesh_3,L3,4.0,256,1024,5,8,1,64,1,4,1,1,117353.15457306422,193825.6728557365,117353.15457306422,0.0
torus_mesh_switch_1,L1,1.0,1024,1024,8,8,2,8,2,8,1,1,170447.21525724884,170447.21525724884,170447.21525724884,0.0
torus_mesh_switch_1,L1,1.0,64,1024,8,8,2,8,1,8,2,1,162079.13821308909,162079.13821308909,162079.13821308909,0.0
torus_mesh_switch_1,L1,0.5,16,1024,8,8,8,4,1,4,2,1,115247.91345831315,115247.91345831315,115247.91345831317,1.2626619252096472e-16
torus_mesh_switch_1,L1,1.0,64,8192,8,8,2,8,1,8,2,1,99775.70022973735,99775.70022973735,99775.70022973735,0.0
torus_mesh_mesh_3,L3,1.0,4,1024,8,8,32,2,1,2,2,1,68081.68919541845,68081.68919541845,68081.68919541845,0.0
torus_mesh_mesh_3,L3,3.0,1024,1024,6,8,1,64,4,1,1,1,152793.42392648093,207518.57414810674,150892.72336422998,0.012596369923438723
torus_mesh_switch_1,L1,1.0,1,1024,8,8,16,16,1,1,1,1,13114.514561130054,13114.514561130054,13114.514561130054,0.0
torus_mesh_switch_1,L1,1.5,256,1024,8,8,1,16,2,8,1,1,176609.40460451043,176609.40460451043,176609.40460451043,0.0
torus_mesh_mesh_3,L3,2.0,1,1024,7,8,64,4,1,1,1,1,14090.896599346339,15701.377003987107,14090.89659934634,1.2908968501196986e-16
torus_mesh_switch_1,L1,0.25,4,8192,8,8,32,1,1,4,2,1,56544.220444950435,56544.220444950435,56544.22044495044,1.2867729994203482e-16
torus_mesh_switch_1,L1,1.5,256,8192,8,8,1,16,2,8,1,1,103062.68617556691,103062.68617556691,101569.33584629268,0.014702767492091779
torus_mesh_switch_1,L1,1.0,16,8192,8,8,8,2,1,8,2,1,84217.81206619609,84217.81206619609,84217.81206619609,0.0
torus_mesh_mesh_3,L2,4.0,4,8192,3,8,32,2,1,2,2,1,30685.8075049695,77163.27465092491,30685.8075049695,0.0
torus_mesh_switch_1,L1,1.5,1024,1024,8,8,2,8,2,8,1,1,170448.84340949034,170448.84340949034,170448.84340949034,0.0
torus_mesh_switch_1,L1,1.5,64,1024,8,8,2,8,1,8,2,1,162102.62011168085,162102.62011168085,162102.62011168085,0.0
torus_mesh_switch_1,L1,2.0,256,1024,8,8,1,16,2,8,1,1,176609.40460451043,176609.40460451043,176609.40460451043,0.0
torus_mesh_switch_1,L1,1.5,64,8192,8,8,2,8,1,8,2,1,99776.81294206844,99776.81294206844,99776.81294206844,0.0
torus_mesh_switch_1,L1,2.0,256,8192,8,8,1,16,2,8,1,1,103062.68617556691,103062.68617556691,101569.33584629268,0.014702767492091779
torus_mesh_switch_1,L1,1.0,16,1024,8,8,8,4,1,4,2,1,115827.1616821599,115827.1616821599,115827.1616821599,0.0
torus_mesh_switch_1,L1,2.0,1024,1024,8,8,2,8,2,8,1,1,170449.6574972755,170449.6574972755,170449.6574972755,0.0
torus_mesh_mesh_3,L3,2.0,16,1024,7,8,8,8,1,2,2,1,125760.08417346312,147734.66201133482,125760.08417346312,0.0
torus_mesh_switch_1,L1,1.5,16,8192,8,8,8,2,1,8,2,1,84217.95391923239,84217.95391923239,84217.95391923239,0.0
torus_mesh_switch_1,L1,2.0,64,1024,8,8,2,8,1,8,2,1,162114.36361269088,162114.36361269088,162114.36361269088,0.0
torus_mesh_mesh_3,L3,2.0,16,8192,7,8,8,8,1,2,2,1,86972.54285190739,102197.78236513962,86972.54285190739,0.0
torus_mesh_mesh_3,L3,1.0,4,8192,8,8,32,2,1,2,2,1,76690.11470770676,76690.11470770676,76690.11470770676,0.0
torus_mesh_switch_1,L1,2.0,64,8192,8,8,2,8,1,8,2,1,99777.3693075409,99777.3693075409,99777.3693075409,0.0
torus_mesh_mesh_3,L2,0.25,1,8192,9,8,64,4,1,1,1,1,11699.83201816635,11259.657083834107,11699.83201816635,0.0
torus_mesh_switch_1,L1,3.0,256,1024,7,8,1,16,2,8,1,1,148422.69698825915,176609.40460451043,148422.69698825915,0.0
torus_mesh_switch_1,L1,2.0,16,8192,8,8,8,2,1,8,2,1,84257.12612837319,84257.12612837319,84257.12612837319,0.0
torus_mesh_switch_1,L1,3.0,1024,1024,7,8,2,8,2,8,1,1,144637.68685060163,170450.4715928371,144637.68685060163,0.0
torus_mesh_switch_1,L1,3.0,256,8192,7,8,1,16,16,1,1,1,99269.56866056564,114311.9113806671,91273.56812900412,0.08760477644809651
torus_mesh_switch_1,L1,3.0,64,1024,7,8,2,8,1,8,2,1,136374.63184708552,162126.10881533666,136374.63184708552,0.0
torus_mesh_switch_1,L1,0.5,4,8192,8,8,32,1,1,4,2,1,57990.39706475532,57990.39706475532,57990.39706475532,0.0
torus_mesh_switch_1,L1,3.0,64,8192,7,8,2,8,1,8,2,1,85470.68768253188,99777.92567921807,85470.68768253188,0.0
torus_mesh_mesh_3,L3,3.0,1,1024,6,8,64,4,1,1,1,1,14272.861770730497,16154.570427322797,14272.861770730497,0.0
torus_mesh_switch_1,L1,2.0,16,1024,8,8,8,4,1,4,2,1,116030.71563732912,116030.71563732912,116030.71563732912,0.0
torus_mesh_mesh_3,L3,1.5,4,1024,7,8,32,2,1,2,1,2,61263.16960144669,68081.68919541845,61263.16960144669,0.0
torus_mesh_switch_1,L1,4.0,256,1024,7,8,1,16,2,8,1,1,148422.69698825915,176609.40460451043,148422.69698825915,0.0
torus_mesh_mesh_3,L3,4.0,1024,1024,5,8,1,64,4,1,1,1,125346.90584733401,207518.57414810674,125346.905847334,1.1609313472875292e-16
torus_mesh_mesh_3,L3,4.0,256,8192,5,8,1,64,4,1,1,1,70912.3070309003,114312.59359558909,70912.3070309003,0.0
torus_mesh_switch_1,L1,1.5,1,1024,8,8,32,8,1,1,1,1,13300.872805751529,13300.872805751529,13300.872805751527,1.3675714594904584e-16
torus_mesh_switch_1,L1,1.0,4,8192,8,8,32,1,1,4,2,1,59569.39287017199,59569.39287017199,59569.39287017199,0.0
torus_mesh_switch_1,L1,4.0,64,1024,7,8,2,8,1,8,2,1,136378.26786088748,162131.98205488856,136378.26786088748,0.0
torus_mesh_switch_1,L1,4.0,1024,1024,7,8,2,8,2,8,1,1,144637.94323075534,170450.8786435341,144637.94323075534,0.0
torus_mesh_switch_1,L1,1.5,16,1024,8,8,8,4,1,4,2,1,115829.30827096256,115829.30827096256,115829.30827096256,0.0
torus_mesh_switch_1,L1,4.0,64,8192,7,8,2,8,1,8,2,1,85470.86628877616,99778.20386738348,85470.86628877616,0.0
torus_mesh_switch_1,L1,0.25,4,1024,8,8,16,4,1,2,2,1,53841.10188738091,53841.10188738091,53841.10188738091,0.0
torus_mesh_mesh_3,L3,3.0,16,1024,6,8,8,8,1,2,2,1,118266.97621003642,147734.66201133482,118266.97621003642,0.0
torus_mesh_switch_1,L1,4.0,256,8192,7,8,1,16,16,1,1,1,99269.56866056564,114311.9113806671,91273.56812900412,0.08760477644809651
torus_mesh_switch_1,L1,3.0,16,1024,7,8,8,4,1,4,1,2,101777.41872647942,116066.26918333436,101777.41872647942,0.0
torus_mesh_mesh_3,L3,3.0,16,8192,6,8,8,8,1,2,2,1,75943.51729214343,102197.78236513962,75943.51729214343,0.0
torus_mesh_switch_1,L1,2.0,1,1024,8,8,32,8,1,1,1,1,13404.498105477865,13404.498105477865,13404.498105477864,1.356999261913813e-16
torus_mesh_switch_1,L2,0.25,256,1024,9,8,1,16,2,8,1,1,189517.55265189672,175049.0088778472,189517.55265189672,0.0
torus_mesh_switch_1,L2,0.25,256,8192,9,8,1,4,4,16,1,1,110980.7717957303,102685.01239810762,110980.7717957303,0.0
torus_mesh_switch_1,L2,0.25,1024,1024,9,8,1,16,1,16,1,1,185088.2438427017,169346.7593330118,185088.2438427017,0.0
torus_mesh_switch_1,L1,1.5,4,8192,8,8,32,1,1,4,2,1,60115.00818217065,60115.00818217065,60115.00818217065,0.0
torus_mesh_switch_1,L2,0.25,64,1024,9,8,2,8,1,8,2,1,173531.9466784669,160690.61566598935,173531.9466784669,0.0
torus_mesh_switch_1,L2,0.25,64,8192,9,8,2,8,1,8,2,1,109562.79802677085,99354.04432177005,109562.79802677083,1.3281803212812438e-16
torus_mesh_switch_1,L1,3.0,16,8192,7,8,8,4,1,4,1,2,73560.92343529685,84257.96284217414,73560.92343529685,0.0
torus_mesh_switch_1,L1,3.0,1,1024,7,8,32,8,1,1,1,1,12180.659347359559,13509.750744956442,12180.65934735956,1.4933423156113175e-16
torus_mesh_switch_1,L1,4.0,16,1024,7,8,8,4,1,4,1,2,101789.38436569707,116084.05412819247,101789.38436569709,1.429610299644452e-16
torus_mesh_switch_1,L2,0.5,256,1024,9,8,1,16,2,8,1,1,191445.2326284455,176465.5635077159,191445.2326284455,0.0
torus_mesh_mesh_3,L2,0.5,1,8192,9,8,64,4,1,1,1,1,13141.917631857701,12588.209120183123,13141.9176318577,1.3841126192545844e-16
torus_mesh_switch_1,L2,0.25,1,1024,9,8,16,16,1,1,1,1,13112.739674129682,12015.748936951493,13112.739674129682,0.0
torus_mesh_switch_1,L1,1.0,4,1024,8,8,32,2,1,2,2,1,56623.56208589452,56623.56208589452,56623.56208589452,0.0
torus_mesh_mesh_3,L3,1.5,4,8192,7,8,32,2,1,2,1,2,66953.39349445692,76690.11470770676,66953.39349445692,0.0
torus_mesh_switch_1,L1,2.0,4,8192,8,8,32,1,1,4,2,1,60391.581182341295,60391.581182341295,60391.581182341295,0.0
torus_mesh_switch_1,L2,0.25,16,8192,9,8,8,2,1,8,2,1,90984.86696269031,83338.22631499021,90984.86696269031,0.0
torus_mesh_switch_1,L2,0.5,64,1024,9,8,2,8,1,8,2,1,174947.12101550167,161839.53831641015,174947.12101550167,0.0
torus_mesh_switch_1,L2,0.5,256,8192,9,8,1,16,1,16,1,1,111016.13454940153,103056.49515978999,111016.13454940153,0.0
torus_mesh_switch_1,L2,0.5,1024,1024,9,8,1,16,1,16,1,1,187075.58901029342,170413.5166712775,187075.58901029345,1.5557257155091638e-16
torus_mesh_switch_1,L2,1.0,256,1024,8,8,1,16,2,8,1,1,176609.40460451043,176609.40460451043,176609.40460451043,0.0
torus_mesh_switch_1,L2,0.5,64,8192,9,8,2,8,1,8,2,1,110169.84258211353,99752.5120406396,110169.84258211352,1.320861942552091e-16
torus_mesh_switch_1,L1,4.0,1,1024,7,8,32,8,1,1,1,1,12223.924698660827,13562.99934363319,12223.924698660829,1.488056780769545e-16
torus_mesh_switch_1,L1,0.5,4,1024,8,8,16,4,1,2,2,1,56414.57317060627,56414.57317060627,56414.57317060627,0.0
torus_mesh_switch_1,L2,0.5,1,1024,9,8,16,16,1,1,1,1,14430.732499108928,12989.094018145694,14430.732499108928,0.0
torus_mesh_switch_1,L2,1.0,256,8192,8,8,1,16,2,8,1,1,103062.68617556691,103062.68617556691,101569.33584629268,0.014702767492091779
torus_mesh_switch_1,L1,4.0,16,8192,7,8,8,4,1,4,1,2,73561.7056363145,84259.15348826208,73561.7056363145,0.0
torus_mesh_mesh_3,L3,3.0,64,8192,6,8,2,32,2,1,1,2,83522.60926288307,112564.86116386372,80366.53410706867,0.03927101237947753
torus_mesh_switch_1,L2,1.0,1024,1024,8,8,2,8,2,8,1,1,170447.21525724884,170447.21525724884,170447.21525724884,0.0
torus_mesh_mesh_3,L3,2.0,4,1024,7,8,32,2,1,2,1,2,61263.16960144669,68081.68919541845,61263.16960144669,0.0
torus_mesh_switch_1,L1,1.5,4,1024,8,8,32,2,1,2,2,1,57101.871222812275,57101.871222812275,57101.87122281228,1.2742065116907536e-16
torus_mesh_switch_1,L2,0.25,16,1024,9,8,8,4,1,4,2,1,123282.22630065039,113301.73842816672,123282.2263006504,1.180374143542708e-16
torus_mesh_switch_1,L1,3.0,4,8192,7,8,32,1,1,4,2,1,54485.547006196364,60670.71082104004,54485.54700619637,1.3353922304122168e-16
torus_mesh_switch_1,L2,0.5,16,8192,9,8,8,2,1,8,2,1,91809.04220291486,84009.82801240124,91809.04220291486,0.0
torus_mesh_switch_1,L2,1.0,64,1024,8,8,2,8,1,8,2,1,162079.13821308909,162079.13821308909,162079.13821308909,0.0
torus_mesh_switch_1,L2,1.5,256,1024,7,8,1,16,2,8,1,1,148452.13476768392,176657.40376122744,148452.13476768392,0.0
torus_mesh_switch_1,L2,1.0,64,8192,8,8,2,8,1,8,2,1,99775.70022973735,99775.70022973735,99775.70022973735,0.0
torus_mesh_mesh_3,L1,2.0,1,8192,8,8,64,4,1,1,1,1,14091.21571929595,14091.21571929595,14091.21571929595,0.0
torus_mesh_mesh_3,L3,4.0,16,1024,5,8,8,8,1,2,2,1,94452.90730622415,147734.66201133482,94452.90730622417,1.5406529712408253e-16
torus_mesh_switch_1,L2,0.5,16,1024,9,8,8,4,1,4,2,1,125348.49641888797,115044.59345164082,125348.49641888795,1.160916616002912e-16
torus_mesh_mesh_3,L3,4.0,16,8192,5,8,8,8,1,2,2,1,62714.36774241694,102197.78236513962,62714.36774241694,0.0
torus_mesh_switch_1,L2,1.5,1024,1024,7,8,2,8,2,8,1,1,144642.742248933,170458.45108110545,144642.742248933,0.0
torus_mesh_switch_1,L2,1.5,256,8192,7,8,1,16,16,1,1,1,99271.0854909692,114314.21007789859,91274.85044269224,0.08760611504148631
torus_mesh_switch_1,L1,2.0,4,1024,8,8,32,2,1,2,2,1,57344.068914900534,57344.068914900534,57344.06891490053,1.2688247890084428e-16
torus_mesh_switch_1,L2,1.0,16,8192,8,8,8,2,1,8,2,1,84217.81206619609,84217.81206619609,84217.81206619609,0.0
torus_mesh_switch_1,L2,2.0,256,1024,6,8,1,16,2,8,1,1,131103.37504400767,176681.41312487534,131103.37504400767,0.0
torus_mesh_switch_1,L2,1.5,64,1024,7,8,2,8,1,8,2,1,136393.67981758245,162159.16257755802,136393.67981758245,0.0
torus_mesh_switch_1,L2,1.0,1,1024,8,8,16,16,1,1,1,1,13114.514561130054,13114.514561130054,13114.514561130054,0.0
torus_mesh_switch_1,L2,1.5,64,8192,7,8,2,8,1,8,2,1,85474.17578809668,99783.43202196063,85474.17578809668,0.0
torus_mesh_switch_1,L1,4.0,4,8192,7,8,32,1,1,4,2,1,54598.85735876951,60811.245483722916,54598.85735876951,0.0
torus_mesh_mesh_3,L3,4.0,1,1024,5,8,64,4,1,1,1,1,12540.787892535469,16279.49510593761,12540.787892535467,1.4504586307759468e-16
torus_mesh_switch_1,L2,2.0,1024,1024,6,8,2,8,2,8,1,1,127908.65064764165,170464.06954854837,127908.65064764164,1.1376803018940423e-16
torus_mesh_switch_1,L2,2.0,256,8192,6,8,1,16,16,1,1,1,84925.13439835978,114315.35946118305,81385.88890386924,0.04348721310485398
torus_mesh_switch_1,L2,2.0,64,1024,6,8,2,8,1,8,2,1,121573.70607631831,162199.20440031384,121573.70607631833,1.1969623776404278e-16
torus_mesh_switch_1,L2,3.0,256,1024,5,8,1,16,2,8,1,1,107951.6652747903,176688.61720662785,107951.6652747903,0.0
torus_mesh_switch_1,L2,1.0,16,1024,8,8,8,4,1,4,2,1,115827.1616821599,115827.1616821599,115827.1616821599,0.0
torus_mesh_switch_1,L2,2.0,64,8192,6,8,2,8,1,8,2,1,74779.46648246935,99787.2983674522,74779.46648246935,0.0
torus_mesh_switch_1,L1,3.0,4,1024,7,8,32,2,1,2,2,1,53454.46952266301,57588.32992246037,53454.46952266301,0.0
torus_mesh_switch_1,L2,3.0,256,8192,5,8,1,16,16,1,1,1,70911.3348248887,114315.70428067548,70911.3348248887,0.0
torus_mesh_switch_1,L2,3.0,64,1024,5,8,2,8,1,8,2,1,100464.7658044327,162211.2208035485,100464.7658044327,0.0
torus_mesh_switch_1,L2,3.0,64,8192,5,8,2,8,1,8,2,1,62091.910185085144,99788.4583295265,62091.91018508514,1.1718044415923213e-16
torus_mesh_mesh_3,L3,3.0,4,1024,6,8,32,2,1,2,2,1,57830.88580706863,68081.68919541845,57830.88580706863,0.0
torus_mesh_switch_1,L2,0.25,4,8192,9,8,32,1,1,4,2,1,57285.90168077483,55111.44006506469,57285.90168077483,0.0
torus_mesh_switch_1,L2,1.5,16,1024,7,8,8,4,1,4,1,2,101753.81769265591,116005.99222748123,101753.81769265592,1.4301100006213463e-16
torus_mesh_mesh_3,L3,4.0,64,8192,5,8,2,32,2,1,1,2,68979.76335050134,112564.86116386372,68534.28841097151,0.006500030128838582
torus_mesh_switch_1,L1,4.0,4,1024,7,8,32,2,1,2,2,1,53560.289311098066,57711.242426660116,53560.28931109807,1.3584612233742724e-16
torus_mesh_switch_1,L2,2.0,16,1024,6,8,8,4,1,4,2,1,94578.32926031634,116090.58309808726,94578.32926031634,0.0
torus_mesh_switch_1,L2,0.5,4,8192,9,8,32,1,1,4,2,1,59813.400176097,57429.530918023775,59813.400176097,0.0
torus_mesh_switch_1,L2,4.0,256,8192,3,8,1,16,16,1,1,1,42783.374324358854,114315.70428067548,42783.37432435885,1.7006507151636324e-16
torus_mesh_switch_1,L2,3.0,1024,1024,5,8,1,32,8,1,1,1,111055.6383176696,170465.75516100603,110958.56181421073,0.0008748897054146622
torus_mesh_switch_1,L2,1.5,16,8192,7,8,8,4,1,4,1,2,73632.16955794168,84239.99106089355,73632.16955794168,0.0
torus_mesh_switch_1,L2,3.0,16,1024,5,8,8,4,1,4,2,1,79014.42077475785,116358.98834526599,79014.42077475785,0.0
torus_mesh_switch_1,L2,4.0,1024,1024,3,8,1,32,8,1,1,1,72347.17632051157,170465.75516100603,72347.17632051157,0.0
torus_mesh_switch_1,L2,1.5,1,1024,7,8,32,8,1,1,1,1,12017.617735454847,13309.461083448254,12017.617735454847,0.0
torus_mesh_switch_1,L3,0.25,256,1024,9,8,1,16,2,8,1,1,172658.22260789896,160368.1379548357,172658.22260789896,0.0
torus_mesh_switch_1,L2,2.0,16,8192,6,8,8,4,1,4,1,2,67499.81302504135,84250.74851358563,67499.81302504135,0.0
torus_mesh_switch_1,L2,1.0,4,8192,8,8,32,1,1,4,2,1,59569.39287017199,59569.39287017199,59569.39287017199,0.0
torus_mesh_switch_1,L3,0.25,64,1024,9,8,2,8,1,8,2,1,145931.27481219728,136673.5342799578,145931.27481219728,0.0
torus_mesh_switch_1,L2,2.0,1,1024,6,8,32,8,1,1,1,1,11888.455095573754,13417.586358537745,11888.455095573754,0.0
torus_mesh_switch_1,L2,4.0,256,1024,3,8,2,16,1,4,2,1,67417.48343457605,176688.61720662785,67417.48343457605,0.0
torus_mesh_switch_1,L2,4.0,64,1024,3,8,2,16,1,4,2,1,65168.984895490015,162211.2208035485,65168.984895490015,0.0
torus_mesh_switch_1,L3,0.25,1024,1024,9,8,1,16,1,16,1,1,168988.4680993097,154849.26893565987,168988.4680993097,0.0
torus_mesh_switch_1,L3,0.25,256,8192,9,8,1,16,1,16,1,1,104378.8628594496,97311.54774496093,104378.8628594496,0.0
torus_mesh_switch_1,L2,3.0,16,8192,5,8,8,4,1,4,1,2,57333.962411490014,84279.8948144326,57333.962411490014,0.0
torus_mesh_mesh_3,L3,3.0,4,8192,6,8,32,2,1,2,1,2,59619.64008720558,76690.11470770676,59619.64008720558,0.0
torus_mesh_switch_1,L3,0.25,1,1024,9,8,16,16,1,1,1,1,11115.283252175514,10464.02617490586,11115.283252175514,0.0
torus_mesh_switch_1,L3,0.25,16,8192,9,8,8,2,1,8,2,1,64748.42637485378,60747.83248287836,64748.42637485378,0.0
torus_mesh_switch_1,L3,0.5,256,1024,8,8,1,16,2,8,1,1,170842.06702543126,170842.06702543126,170842.06702543126,0.0
torus_mesh_switch_1,L2,3.0,1,1024,5,8,32,8,1,1,1,1,10641.820720143864,13527.48282940362,10641.820720143864,0.0
torus_mesh_switch_1,L2,1.5,4,8192,7,8,32,1,1,4,2,1,54201.38197231416,60318.562591948175,54201.38197231416,0.0
torus_mesh_mesh_3,L3,4.0,4,1024,5,8,32,2,1,2,1,2,46805.51910126853,68081.68919541845,46805.51910126853,0.0
torus_mesh_switch_1,L3,0.5,256,8192,8,8,1,16,1,16,1,1,98100.09246143389,101071.5673122151,98100.09246143387,1.4833742622707162e-16
torus_mesh_switch_1,L2,2.0,4,8192,6,8,32,1,1,4,2,1,50818.033856253096,60700.25857403384,50818.033856253096,0.0
torus_mesh_switch_1,L3,0.5,64,1024,8,8,2,8,1,8,2,1,152622.38451472562,152622.38451472562,152622.38451472562,0.0
torus_mesh_switch_1,L3,0.5,1024,1024,8,8,1,16,1,16,1,1,164592.80818402226,164592.80818402226,164592.80818402226,0.0
torus_mesh_switch_1,L3,0.25,64,8192,9,8,2,8,1,8,2,1,97836.22304656154,89530.64133860997,97836.22304656154,0.0
torus_mesh_switch_1,L3,0.5,64,8192,8,8,2,8,1,8,2,1,96109.73055060687,96109.73055060687,96109.73055060688,1.5140938534526945e-16
torus_mesh_switch_1,L2,1.0,4,1024,8,8,32,2,1,2,2,1,56623.56208589452,56623.56208589452,56623.56208589452,0.0
torus_mesh_switch_1,L2,0.25,4,1024,9,8,16,4,1,2,2,1,57072.971546363886,51802.10093197622,57072.971546363886,0.0
torus_mesh_switch_1,L3,1.0,256,1024,8,8,1,16,2,8,1,1,176609.40460451043,176609.40460451043,176609.40460451043,0.0
torus_mesh_switch_1,L3,0.5,1,1024,8,8,16,16,1,1,1,1,12323.710828476653,12323.710828476653,12323.710828476653,0.0
torus_mesh_switch_1,L3,1.0,256,8192,8,8,1,16,2,8,1,1,103062.68617556691,103062.68617556691,101569.33584629268,0.014702767492091779
torus_mesh_mesh_3,L3,2.0,4,8192,7,8,32,2,1,2,1,2,66953.39349445692,76690.11470770676,66953.39349445692,0.0
torus_mesh_switch_1,L3,1.0,1024,1024,8,8,2,8,2,8,1,1,170447.21525724884,170447.21525724884,170447.21525724884,0.0
torus_mesh_switch_1,L2,3.0,4,8192,5,8,32,1,1,4,2,1,43795.022762466004,61086.81606560374,43795.022762466,1.6613663277780502e-16
torus_mesh_switch_1,L3,0.5,16,8192,8,8,8,2,1,8,2,1,74609.34908037871,74609.34908037871,74609.34908037871,0.0
torus_mesh_switch_1,L3,0.25,16,1024,9,8,8,2,1,8,1,2,68134.90439278049,63599.863567610744,68134.90439278049,0.0
torus_mesh_switch_1,L3,1.0,64,1024,8,8,2,8,1,8,2,1,162079.13821308909,162079.13821308909,162079.13821308909,0.0
torus_mesh_switch_1,L2,0.5,4,1024,9,8,16,4,1,2,2,1,61835.50595046094,55695.51305564568,61835.50595046094,0.0
torus_mesh_switch_1,L3,1.5,256,1024,7,8,1,16,2,8,1,1,149839.7063066637,178619.3665989887,149839.7063066637,0.0
torus_mesh_switch_1,L2,1.5,4,1024,7,8,32,2,1,2,2,1,53263.68713188827,57367.18248543977,53263.68713188827,0.0
torus_mesh_switch_1,L3,1.0,64,8192,8,8,2,8,1,8,2,1,99775.70022973735,99775.70022973735,99775.70022973735,0.0
torus_mesh_switch_1,L2,4.0,4,8192,3,8,32,1,1,4,2,1,29263.361529480455,61281.94699474068,29263.36152948045,1.2431855456615077e-16
torus_mesh_switch_1,L3,1.0,16,8192,8,8,8,2,1,8,2,1,84217.81206619609,84217.81206619609,84217.81206619609,0.0
torus_mesh_switch_1,L3,1.5,256,8192,7,8,1,16,16,1,1,1,99269.56866056564,114311.9113806671,99269.56866056564,0.0
torus_mesh_switch_1,L2,4.0,64,8192,3,8,2,32,2,1,2,1,39446.07086050084,99788.4583295265,39446.07086050084,0.0
torus_mesh_switch_1,L3,0.5,16,1024,8,8,8,4,1,4,2,1,83442.77032356075,83442.77032356075,83442.77032356075,0.0
torus_mesh_switch_1,L3,1.0,1,1024,8,8,16,16,1,1,1,1,13114.514561130054,13114.514561130054,13114.514561130054,0.0
torus_mesh_switch_1,L2,2.0,4,1024,6,8,32,2,1,2,2,1,51400.609531823764,57746.36540623989,51400.60953182376,1.415539169759971e-16
torus_mesh_switch_1,L3,1.5,64,1024,7,8,2,8,1,8,2,1,138756.39662603562,165497.3071276621,138756.39662603562,0.0
torus_mesh_mesh_3,L3,4.0,4,8192,5,8,32,2,1,2,2,1,49148.201256055436,76690.11470770676,49148.20125605544,1.480411780743852e-16
torus_mesh_switch_1,L3,1.5,64,8192,7,8,2,8,1,8,2,1,86410.39269344088,101060.63858328173,86410.39269344088,0.0
torus_mesh_switch_1,L3,2.0,256,1024,7,8,1,16,2,8,1,1,150558.40590064228,179641.60206141835,150558.40590064228,0.0
torus_mesh_switch_1,L3,1.5,1024,1024,7,8,1,32,8,1,1,1,155858.07943117348,180952.05191732728,155858.07943117348,0.0
torus_mesh_switch_1,L3,1.0,16,1024,8,8,8,4,1,4,2,1,115827.1616821599,115827.1616821599,115827.1616821599,0.0
torus_mesh_switch_1,L2,3.0,4,1024,5,8,32,2,1,2,2,1,43514.59914290319,58130.594290699904,43514.59914290319,0.0
torus_mesh_switch_1,L2,4.0,16,8192,3,8,8,8,1,2,2,1,36439.92182458856,84292.78974718267,36439.92182458856,0.0
torus_mesh_switch_1,L3,2.0,256,8192,7,8,1,16,16,1,1,1,99269.56866056564,114311.9113806671,99269.56866056564,0.0
torus_mesh_switch_1,L2,4.0,16,1024,3,8,8,8,1,2,2,1,55412.31219327641,116413.5476669952,55412.31219327641,0.0
torus_mesh_switch_1,L3,2.0,1024,1024,7,8,1,32,8,1,1,1,161847.45705525545,189092.02796798263,161847.45705525545,0.0
torus_mesh_switch_1,L2,4.0,4,1024,3,8,32,2,1,2,2,1,31062.10249822822,58324.632550456605,31062.10249822822,0.0
torus_mesh_switch_1,L3,1.5,16,1024,7,8,8,4,1,4,1,2,107024.82139941951,123192.6356142894,107024.82139941952,1.3596766654773205e-16
torus_mesh_switch_1,L3,3.0,1024,1024,6,8,1,16,16,1,1,1,152777.13729947223,207509.0237741492,152777.13729947223,0.0
torus_mesh_switch_1,L3,3.0,256,8192,6,8,1,16,16,1,1,1,84923.70574398863,114311.9113806671,84923.70574398863,0.0
torus_mesh_switch_1,L3,0.25,4,8192,9,8,16,2,1,4,2,1,30036.143068813148,28743.30550380259,30036.143068813148,0.0
torus_mesh_switch_1,L3,2.0,64,1024,7,8,2,16,1,4,2,1,141966.60343946965,167261.0333889587,141966.60343946965,0.0
torus_mesh_switch_1,L3,0.5,4,8192,8,8,32,1,1,4,2,1,43445.784919941936,43445.784919941936,43445.784919941936,0.0
torus_mesh_switch_1,L3,1.5,16,8192,7,8,8,4,1,4,1,2,79899.16876888137,92149.66109591044,79899.16876888137,0.0
torus_mesh_switch_1,L3,0.25,4,1024,9,8,16,2,1,4,2,1,39701.72990193479,37213.871398019226,39701.72990193479,0.0
torus_mesh_switch_1,L3,1.0,4,8192,8,8,32,1,1,4,2,1,59569.39287017199,59569.39287017199,59569.39287017199,0.0
torus_mesh_switch_1,L3,3.0,64,1024,6,8,2,16,1,4,2,1,130858.69237533309,170974.08552326696,130858.69237533308,1.1120327556558937e-16
torus_mesh_switch_1,L3,3.0,64,8192,6,8,2,16,4,1,2,1,82579.65406626074,109610.54766244504,82579.65406626074,0.0
torus_mesh_switch_1,L3,2.0,16,8192,7,8,8,4,1,4,1,2,81679.75429876147,94553.56323439367,81679.75429876147,0.0
torus_mesh_switch_1,L3,4.0,1024,1024,5,8,1,16,16,1,1,1,125332.14808053143,207509.0237741492,125332.14808053143,0.0
torus_mesh_switch_1,L3,2.0,1,1024,7,8,32,8,1,1,1,1,12983.639208764327,14519.570967072654,12983.639208764327,0.0
torus_mesh_switch_1,L3,4.0,256,8192,5,8,1,16,16,1,1,1,70910.42176521357,114311.9113806671,70910.42176521357,0.0
torus_mesh_switch_1,L3,4.0,256,1024,5,8,1,32,8,1,1,1,123260.46107281056,199369.19692174465,123216.22335513023,0.00035902510623805444
torus_mesh_mesh_3,L2,1.0,1,8192,8,8,64,4,1,1,1,1,13836.404924139031,13836.404924139031,13836.404924139031,0.0
torus_mesh_switch_1,L3,0.5,4,1024,8,8,16,2,1,4,2,1,44778.482008542596,44778.482008542596,44778.4820085426,1.624878130704689e-16
torus_mesh_switch_1,L1,1.0,1,8192,8,8,128,2,1,1,1,1,13647.390811951886,13647.390811951886,13647.390811951886,0.0
torus_mesh_switch_1,L3,1.5,4,8192,7,8,32,1,1,4,2,1,58621.78575896313,66898.98995610807,58621.78575896313,0.0
torus_mesh_switch_1,L3,4.0,64,8192,5,8,2,8,8,1,2,1,69082.154791742,112550.36871797511,69082.154791742,0.0
torus_mesh_switch_1,L3,1.5,1,1024,7,8,32,8,1,1,1,1,12580.621788858216,14017.346928081348,12580.621788858216,0.0
torus_mesh_mesh_3,L2,1.5,1,8192,7,8,64,4,1,1,1,1,12530.382217804305,13954.490711550625,12530.382217804305,0.0
torus_mesh_switch_1,L3,2.0,4,8192,7,8,32,1,1,4,2,1,60333.590663362,69164.72412682851,60333.590663362,0.0
torus_mesh_switch_1,L3,4.0,64,1024,5,8,2,16,1,4,2,1,109713.32171122452,175562.434371586,109713.32171122452,0.0
torus_mesh_switch_1,L2,4.0,1,1024,3,8,128,2,1,1,1,1,7823.459343548446,13333.375738311719,7823.459343548446,0.0
torus_mesh_switch_1,L3,1.0,4,1024,8,8,32,2,1,2,2,1,56623.56208589452,56623.56208589452,56623.56208589452,0.0
torus_mesh_switch_1,L3,2.0,64,8192,7,8,2,32,2,1,2,1,89332.54414149847,101715.59902979418,89332.54414149847,0.0
torus_mesh_switch_1,L1,1.5,1,8192,8,8,128,2,1,1,1,1,13653.134423761123,13653.134423761123,13653.134423761125,1.3322870390700852e-16
torus_mesh_switch_1,L3,1.5,4,1024,7,8,32,2,1,2,2,1,56728.815725458924,61532.86376677597,56728.81572545893,1.2825858465644119e-16
torus_mesh_switch_1,L3,3.0,256,1024,6,8,2,64,2,1,1,1,140196.09417075256,182628.4033073595,140196.09417075256,0.0
torus_mesh_switch_1,L1,2.0,1,8192,8,8,128,2,1,1,1,1,13656.008042980488,13656.008042980488,13656.008042980488,0.0
torus_mesh_switch_1,L3,2.0,16,1024,7,8,8,8,1,2,1,2,111164.2447346858,127238.18735948084,111164.2447346858,0.0
torus_mesh_switch_1,L3,3.0,16,8192,6,8,8,8,1,2,1,2,73996.57742131407,97335.5344430049,73996.57742131407,0.0
torus_mesh_switch_1,L3,2.0,4,1024,7,8,32,2,1,2,2,1,59031.90867896205,64317.25822659137,59031.90867896205,0.0
torus_mesh_switch_1,L3,3.0,16,1024,6,8,8,8,1,2,2,1,111421.64080054728,134539.80844283546,111421.64080054728,0.0
torus_mesh_switch_1,L1,0.5,1,8192,8,8,128,2,1,1,1,1,13630.188934705744,13630.188934705744,13630.188934705744,0.0
torus_mesh_switch_1,L3,3.0,4,1024,6,8,32,2,1,2,2,1,57703.24638366151,67365.58645691382,57703.24638366151,0.0
torus_mesh_switch_1,L3,4.0,16,8192,5,8,8,8,2,1,2,1,63623.289108012825,101238.98967614483,62698.250627165886,0.014753816439754675
torus_mesh_switch_1,L1,0.25,1,8192,8,8,128,2,1,1,1,1,13595.914945901444,13595.914945901444,13595.914945901444,0.0
torus_mesh_switch_1,L3,4.0,16,1024,5,8,8,8,1,2,2,1,93293.08782102396,139576.33244489602,93293.08782102396,0.0
torus_mesh_switch_1,L3,4.0,4,1024,5,8,32,2,1,2,2,1,47492.03520499242,68395.49264718777,47492.03520499242,0.0
torus_mesh_mesh_3,L3,0.25,1,8192,9,8,64,4,1,1,1,1,7955.5032447552185,7748.546146439976,7955.503244755218,1.143227114353232e-16
torus_mesh_switch_1,L2,0.5,1,8192,9,8,128,2,1,1,1,1,14043.419374406774,13627.236728237576,14043.419374406774,0.0
torus_mesh_switch_1,L3,3.0,4,8192,6,8,32,2,1,2,2,1,57153.625569005824,73330.02392323477,57153.625569005824,0.0
torus_mesh_switch_1,L3,3.0,1,1024,6,8,128,2,1,1,1,1,13562.099506914772,15223.456905708143,13562.099506914772,0.0
torus_mesh_mesh_3,L3,1.0,1,8192,8,8,64,4,1,1,1,1,13836.404924139031,13836.404924139031,13836.404924139031,0.0
torus_mesh_switch_1,L2,1.0,1,8192,8,8,128,2,1,1,1,1,13647.390811951886,13647.390811951886,13647.390811951886,0.0
torus_mesh_mesh_3,L3,0.5,1,8192,8,8,64,4,1,1,1,1,10964.804632294306,10964.804632294306,10964.804632294306,0.0
torus_mesh_switch_1,L3,4.0,1,1024,5,8,128,2,1,1,1,1,12548.801050253527,15753.684521665582,12548.801050253527,0.0
torus_mesh_switch_1,L2,1.5,1,8192,7,8,128,2,1,1,1,1,12489.486524355772,13654.122093947759,12489.486524355772,0.0
torus_mesh_switch_1,L3,4.0,4,8192,5,8,32,2,1,2,2,1,48921.25940785108,75606.6495138279,48921.25940785108,0.0
torus_mesh_switch_1,L2,0.25,1,8192,9,8,64,4,1,1,1,1,13254.133952303368,12692.046949702928,13254.133952303368,0.0
torus_mesh_switch_1,L3,0.5,1,8192,8,8,128,2,1,1,1,1,9584.267428116756,9584.267428116756,9584.267428116756,0.0
torus_mesh_switch_1,L3,1.0,1,8192,8,8,128,2,1,1,1,1,13647.390811951886,13647.390811951886,13647.390811951886,0.0
torus_mesh_switch_1,L3,0.25,1,8192,9,8,16,16,1,1,1,1,7425.300155409978,6823.093756319592,7425.300155409978,0.0
torus_mesh_switch_1,L3,1.5,1,8192,7,8,128,2,1,1,1,1,14306.524872777985,15855.702937366408,14306.524872777984,1.2714404229688046e-16
torus_mesh_switch_1,L3,2.0,1,8192,7,8,128,2,1,1,1,1,15355.153685231431,17154.033301137362,15355.153685231431,0.0
torus_mesh_switch_1,L3,3.0,1,8192,6,8,128,2,1,1,1,1,15048.687900420857,18259.548582357664,15048.687900420857,0.0
torus_mesh_switch_1,L1,3.0,1,8192,7,8,256,1,1,1,1,1,12570.4392038762,13749.722205436547,12570.4392038762,0.0
torus_mesh_switch_1,L1,4.0,1,8192,7,8,256,1,1,1,1,1,12614.657143137883,13802.64329586229,12614.657143137883,0.0
torus_mesh_switch_1,L2,2.0,1,8192,6,8,256,1,1,1,1,1,11858.619406757838,13746.7025561051,11858.619406757838,0.0
torus_mesh_switch_1,L2,3.0,1,8192,5,8,256,1,1,1,1,1,10713.468888543344,13887.646737761577,10713.468888543344,0.0
torus_mesh_switch_1,L2,4.0,1,8192,3,8,256,1,1,1,1,1,7727.120914081778,13959.208233071186,7727.120914081778,0.0
torus_mesh_mesh_3,L2,3.0,1,8192,5,8,128,2,1,1,1,1,10490.490620666851,13954.490711550625,10490.490620666851,0.0
torus_mesh_mesh_3,L2,2.0,1,8192,6,8,128,2,1,1,1,1,11687.946400187542,13954.490711550625,11687.946400187542,0.0
torus_mesh_mesh_3,L2,4.0,1,8192,3,8,128,2,1,1,1,1,7691.519014597756,13954.490711550625,7691.519014597756,0.0
torus_mesh_switch_1,L3,4.0,1,8192,5,8,256,1,1,1,1,1,13474.565577227773,18977.081007835845,13474.565577227771,1.3499428928677132e-16
torus_mesh_mesh_3,L3,1.5,1,8192,7,8,128,2,1,1,1,1,14063.349027631315,15557.560011068355,14063.349027631317,1.2934254849054457e-16
torus_mesh_mesh_3,L3,2.0,1,8192,7,8,128,2,1,1,1,1,15148.03435624793,16895.95050289936,15148.03435624793,0.0
torus_mesh_mesh_3,L3,3.0,1,8192,6,8,128,2,1,1,1,1,15223.74363524836,18486.295105861842,15223.74363524836,0.0
torus_mesh_mesh_3,L3,4.0,1,8192,5,8,128,2,1,1,1,1,13653.914364874454,19344.08356159142,13653.914364874454,0.0
