baseline_noc,scaled_layer,bw_multiplier,bs,orig_sm_count,baseline_sm_count,tp,ep,dp,pp,stps_logic_die,stps_noc_to_dram,orig_stps_from_csv
torus_mesh_mesh_3,L1,0.25,256,8,8,8,16,1,2,10914.450884119837,10914.450884119837,10914.450884119837
torus_mesh_mesh_3,L1,0.5,256,8,8,8,16,1,2,10965.830966969774,10965.830966969774,10965.830966969774
torus_mesh_mesh_3,L1,2.0,256,8,8,8,16,1,2,11026.173770308038,11026.173770308038,11026.173770308038
torus_mesh_mesh_3,L1,1.0,256,8,8,8,16,1,2,11017.519247665692,11017.519247665692,11017.519247665692
torus_mesh_mesh_3,L1,1.5,256,8,8,8,16,1,2,11023.287418727292,11023.287418727292,11023.287418727292
torus_mesh_mesh_3,L1,3.0,256,7,8,8,16,1,2,10595.435780670136,11028.879945071913,10595.435780670136
torus_mesh_mesh_3,L1,0.25,4096,8,8,1,32,1,8,52255.82555745092,52255.82555745092,52255.82555745092
torus_mesh_mesh_3,L1,4.0,256,7,8,8,16,1,2,10595.762680724554,11029.234102412182,10595.762680724554
torus_mesh_mesh_3,L1,0.25,64,8,8,8,32,1,1,4292.610133866192,4292.610133866192,4292.610133866192
torus_mesh_mesh_3,L2,0.25,256,9,8,8,16,1,2,10928.712850748783,10952.0336402384,10928.712850748783
torus_mesh_mesh_3,L1,1.0,4096,8,8,1,32,1,8,52484.49195664298,52484.49195664298,52484.49195664298
torus_mesh_mesh_3,L1,2.0,4096,8,8,1,32,1,8,52493.30208668242,52493.30208668242,52493.30208668242
torus_mesh_mesh_3,L1,0.5,4096,8,8,1,32,1,8,52408.0474169392,52408.0474169392,52408.0474169392
torus_mesh_mesh_3,L1,1.5,4096,8,8,1,32,1,8,52493.30208668242,52493.30208668242,52493.30208668242
torus_mesh_mesh_3,L2,0.5,256,9,8,8,16,1,2,10955.524472562733,10978.959161754308,10955.524472562733
torus_mesh_mesh_3,L1,3.0,4096,7,8,1,32,1,8,44766.728936754684,52493.30208668242,44766.72893675469
torus_mesh_mesh_3,L1,0.5,64,8,8,16,16,1,1,4437.929977900826,4437.929977900826,4437.929977900826
torus_mesh_mesh_3,L1,1.5,64,8,8,16,16,1,1,4495.530018824559,4495.530018824559,4495.530018824559
torus_mesh_mesh_3,L1,1.0,64,8,8,16,16,1,1,4495.297756294343,4495.297756294343,4495.297756294343
torus_mesh_mesh_3,L1,2.0,64,8,8,16,16,1,1,4495.646159091462,4495.646159091462,4495.646159091462
torus_mesh_mesh_3,L1,3.0,64,7,8,16,16,1,1,4415.764709651627,4495.762305360181,4415.764709651627
torus_mesh_mesh_3,L1,4.0,4096,7,8,1,32,1,8,44766.728936754684,52493.30208668242,44766.72893675469
torus_mesh_mesh_3,L2,0.25,4096,9,8,1,32,1,8,54411.488368748716,52290.77669156649,54411.48836874872
torus_mesh_mesh_3,L2,0.5,4096,9,8,1,32,1,8,54572.1724762377,52425.61924640441,54572.1724762377
torus_mesh_mesh_3,L1,0.25,1024,8,8,4,32,1,2,31273.772034910442,31273.772034910442,31273.77203491044
torus_mesh_mesh_3,L2,0.25,64,9,8,16,16,1,1,4251.592311552754,4426.181152871529,4251.592311552754
torus_mesh_mesh_3,L1,4.0,64,7,8,16,16,1,1,4415.82074459865,4495.8203807453665,4415.82074459865
torus_mesh_mesh_3,L1,0.5,1024,8,8,4,32,1,2,31409.06251807166,31409.06251807166,31409.06251807166
torus_mesh_mesh_3,L1,3.0,1024,7,8,4,32,1,2,30081.57813889509,31518.52974188102,30081.57813889509
torus_mesh_mesh_3,L1,1.0,1024,8,8,4,32,1,2,31471.24904198582,31471.24904198582,31471.24904198582
torus_mesh_mesh_3,L1,2.0,1024,8,8,4,32,1,2,31508.49950631334,31508.49950631334,31508.49950631334
torus_mesh_mesh_3,L1,1.5,1024,8,8,4,32,1,2,31497.734260619865,31497.734260619865,31497.734260619865
torus_mesh_mesh_3,L1,4.0,1024,7,8,4,32,1,2,30082.40546860212,31519.46350609105,30082.40546860212
torus_mesh_mesh_3,L2,1.0,256,8,8,8,16,1,2,11017.519247665692,11017.519247665692,11017.519247665692
torus_mesh_mesh_3,L1,0.25,1,8,8,32,8,1,1,74.17105726663688,74.17105726663688,74.17105726663688
torus_mesh_mesh_3,L1,0.25,4,8,8,32,8,1,1,293.76933283434033,293.76933283434033,293.76933283434033
torus_mesh_mesh_3,L1,0.25,16,8,8,32,8,1,1,1241.090864455353,1241.090864455353,1241.090864455353
torus_mesh_mesh_3,L1,0.5,4,8,8,32,8,1,1,296.424326470823,296.424326470823,296.424326470823
torus_mesh_mesh_3,L1,0.5,1,8,8,32,8,1,1,74.89860389521026,74.89860389521026,74.89860389521026
torus_mesh_mesh_3,L2,1.5,256,7,8,8,16,1,2,10587.552752739779,11020.33989099456,10587.55275273978
torus_mesh_mesh_3,L2,1.0,4096,8,8,1,32,1,8,52484.49195664298,52484.49195664298,52484.49195664298
torus_mesh_mesh_3,L2,2.0,256,6,8,8,16,1,2,9209.302000367834,11020.33989099456,9209.302000367834
torus_mesh_mesh_3,L2,1.0,64,8,8,16,16,1,1,4495.297756294343,4495.297756294343,4495.297756294343
torus_mesh_mesh_3,L1,1.0,4,8,8,32,8,1,1,297.5436168175524,297.5436168175524,297.5436168175524
torus_mesh_mesh_3,L2,0.5,64,9,8,16,16,1,1,4261.9417477559355,4437.399072657613,4261.941747755936
torus_mesh_mesh_3,L1,1.0,1,8,8,32,8,1,1,75.18837248889557,75.18837248889557,75.18837248889557
torus_mesh_mesh_3,L1,0.5,16,8,8,32,8,1,1,1272.8729833175585,1272.8729833175585,1272.8729833175585
torus_mesh_mesh_3,L1,2.0,4,8,8,32,8,1,1,297.7062925480913,297.7062925480913,297.7062925480913
torus_mesh_mesh_3,L1,1.0,16,8,8,32,8,1,1,1283.2270618704324,1283.2270618704324,1283.2270618704324
torus_mesh_mesh_3,L1,2.0,16,8,8,32,8,1,1,1284.738937163805,1284.738937163805,1284.738937163805
torus_mesh_mesh_3,L1,1.5,4,8,8,32,8,1,1,297.67390775652905,297.67390775652905,297.67390775652905
torus_mesh_mesh_3,L1,3.0,16,7,8,32,8,1,1,1202.603093205092,1285.0399461486677,1202.603093205092
torus_mesh_mesh_3,L1,1.5,1,8,8,32,8,1,1,75.22165198163775,75.22165198163775,75.22165198163775
torus_mesh_mesh_3,L1,1.5,16,8,8,32,8,1,1,1284.4380691692159,1284.4380691692159,1284.438069169216
torus_mesh_mesh_3,L1,3.0,4,7,8,32,8,1,1,286.70885344565966,297.73868438714817,286.70885344565966
torus_mesh_mesh_3,L1,4.0,1,7,8,32,8,1,1,72.11699712775469,75.24233518522155,72.11699712775469
torus_mesh_mesh_3,L1,4.0,16,7,8,32,8,1,1,1202.7349653730917,1285.1905035434258,1202.7349653730917
torus_mesh_mesh_3,L2,1.5,4096,7,8,1,32,1,8,44761.69308422469,52484.49195664298,44761.69308422469
torus_mesh_mesh_3,L2,1.5,64,7,8,16,16,1,1,4416.87355576835,4496.911533521197,4416.87355576835
torus_mesh_mesh_3,L2,2.0,4096,6,8,1,32,1,8,39145.572002314686,52484.49195664298,39145.572002314686
torus_mesh_mesh_3,L2,0.25,16,9,8,32,8,1,1,1205.779716473498,1257.054204576079,1205.779716473498
torus_mesh_mesh_3,L2,3.0,256,5,8,8,16,1,2,8305.983063680906,11020.33989099456,8305.983063680906
torus_mesh_mesh_3,L2,2.0,64,6,8,16,16,1,1,4271.280777222106,4496.911533521197,4271.280777222106
torus_mesh_mesh_3,L1,4.0,4,7,8,32,8,1,1,286.7238739747269,297.75488295020597,286.7238739747269
torus_mesh_mesh_3,L2,0.5,1024,9,8,4,16,1,4,31979.548630648947,31471.24904198582,31979.548630648947
torus_mesh_mesh_3,L1,3.0,1,7,8,32,8,1,1,72.11319617202108,75.23819763458053,72.11319617202108
torus_mesh_mesh_3,L2,4.0,256,3,8,8,16,1,2,5421.671643790765,11020.33989099456,5421.671643790765
torus_mesh_mesh_3,L2,1.0,1,8,8,32,8,1,1,75.18837248889557,75.18837248889557,75.18837248889557
torus_mesh_mesh_3,L2,1.0,1024,8,8,4,32,1,2,31471.24904198582,31471.24904198582,31471.24904198582
torus_mesh_mesh_3,L2,3.0,4096,5,8,1,32,1,8,33546.08538685276,52484.49195664298,33546.08538685276
torus_mesh_mesh_3,L2,3.0,64,5,8,16,16,1,1,3527.0194455871515,4496.911533521197,3527.0194455871515
torus_mesh_mesh_3,L2,1.5,1024,7,8,4,32,1,2,30038.680119890454,31471.24904198582,30038.68011989045
torus_mesh_mesh_3,L2,2.0,1024,6,8,4,32,1,2,27263.95297235273,31471.24904198582,27263.95297235273
torus_mesh_mesh_3,L2,4.0,64,3,8,16,16,1,1,2566.1710672689746,4496.911533521197,2566.171067268974
torus_mesh_mesh_3,L1,2.0,1,8,8,32,8,1,1,75.22992389833496,75.22992389833496,75.22992389833496
torus_mesh_mesh_3,L2,1.0,4,8,8,32,8,1,1,297.5436168175524,297.5436168175524,297.5436168175524
torus_mesh_mesh_3,L2,4.0,4096,3,8,1,32,1,8,20499.499005364534,52484.49195664298,20499.49900536453
torus_mesh_mesh_3,L2,0.25,4,9,8,32,8,1,1,300.6583920889376,293.8229929340727,300.6583920889376
torus_mesh_mesh_3,L3,0.25,256,9,8,4,16,1,4,10045.127331928423,10032.29402013792,10045.127331928425
torus_mesh_mesh_3,L2,0.5,4,9,8,32,8,1,1,303.5696666460248,296.60276603859637,303.5696666460248
torus_mesh_mesh_3,L3,0.5,256,8,8,8,16,1,2,10599.355368419456,10599.355368419456,10599.355368419456
torus_mesh_mesh_3,L2,1.0,16,8,8,32,8,1,1,1283.2270618704324,1283.2270618704324,1283.2270618704324
torus_mesh_mesh_3,L2,0.25,1,9,8,32,8,1,1,76.02207877786874,74.27446470193931,76.02207877786874
torus_mesh_mesh_3,L2,1.5,1,7,8,32,8,1,1,72.08449746697796,75.20695811638187,72.08449746697796
torus_mesh_mesh_3,L2,0.5,16,9,8,32,8,1,1,1221.8385051067862,1274.5176514505217,1221.8385051067862
torus_mesh_mesh_3,L3,1.0,256,8,8,8,16,1,2,11017.519247665692,11017.519247665692,11017.519247665692
torus_mesh_mesh_3,L2,3.0,1024,5,8,4,32,1,2,25077.7171544839,31471.24904198582,25077.7171544839
torus_mesh_mesh_3,L3,0.25,4096,9,8,1,32,1,8,52979.3815641786,50948.61362864649,52979.3815641786
torus_mesh_mesh_3,L3,0.25,64,9,8,16,16,1,1,3358.650020463224,3458.0043020168887,3358.650020463224
torus_mesh_mesh_3,L3,1.5,256,7,8,8,16,1,2,10720.409378484888,11164.338850194805,10720.409378484888
torus_mesh_mesh_3,L2,1.5,16,7,8,32,8,1,1,1201.607032627844,1283.9028246838636,1201.607032627844
torus_mesh_mesh_3,L3,0.5,4096,8,8,1,32,1,8,51962.32928638096,51962.32928638096,51962.32928638096
torus_mesh_mesh_3,L2,2.0,1,6,8,32,8,1,1,70.16175905584223,75.20695811638187,70.16175905584223
torus_mesh_mesh_3,L3,0.5,64,8,8,16,16,1,1,4090.6976695569124,4090.6976695569124,4090.697669556912
torus_mesh_mesh_3,L2,2.0,4,6,8,32,8,1,1,278.995944805612,297.6163806642575,278.995944805612
torus_mesh_mesh_3,L2,2.0,16,6,8,32,8,1,1,1167.7545036763258,1283.9028246838636,1167.7545036763258
torus_mesh_mesh_3,L3,1.0,4096,8,8,1,32,1,8,52484.49195664298,52484.49195664298,52484.49195664298
torus_mesh_mesh_3,L2,4.0,1024,3,8,4,32,1,2,16822.499681094127,31471.24904198582,16822.499681094127
torus_mesh_mesh_3,L3,1.0,64,8,8,16,16,1,1,4495.297756294343,4495.297756294343,4495.297756294343
torus_mesh_mesh_3,L2,3.0,4,5,8,32,8,1,1,245.87577892132038,297.6163806642575,245.8757789213204
torus_mesh_mesh_3,L2,3.0,1,5,8,32,8,1,1,61.84579459441594,75.20695811638187,61.84579459441594
torus_mesh_mesh_3,L3,1.5,4096,7,8,1,32,1,8,44889.96435517556,52660.89002008163,44889.96435517556
torus_mesh_mesh_3,L3,2.0,256,7,8,8,16,1,2,10789.448554351422,11239.226244967413,10789.448554351422
torus_mesh_mesh_3,L3,1.5,64,7,8,16,16,1,1,4463.503888716201,4648.55913857293,4463.503888716201
torus_mesh_switch_1,L1,0.25,1,8,8,16,16,1,1,76.25346615754904,76.25346615754904,76.25346615754904
torus_mesh_switch_1,L1,0.25,256,8,8,8,16,1,2,11481.31885386772,11481.31885386772,11481.31885386772
torus_mesh_switch_1,L1,0.25,64,8,8,16,16,1,1,5072.72846865555,5072.72846865555,5072.72846865555
torus_mesh_switch_1,L1,0.25,4096,8,8,1,32,1,8,50140.90563323316,50140.90563323316,50140.90563323316
torus_mesh_mesh_3,L2,3.0,16,5,8,32,8,1,1,983.445123727753,1283.9028246838636,983.445123727753
torus_mesh_switch_1,L1,0.5,1,8,8,16,16,1,1,76.32156182193472,76.32156182193472,76.32156182193472
torus_mesh_switch_1,L1,0.5,256,8,8,8,16,1,2,11492.915220132485,11492.915220132485,11492.915220132483
torus_mesh_mesh_3,L3,3.0,256,6,8,8,16,1,2,9362.561591161597,11315.125323697142,9362.561591161597
torus_mesh_mesh_3,L3,2.0,4096,7,8,1,32,1,8,44954.37660038577,52749.53520195987,44954.37660038577
torus_mesh_switch_1,L1,0.5,4096,8,8,1,32,1,8,50140.90563323316,50140.90563323316,50140.90563323316
torus_mesh_switch_1,L1,1.0,1,8,8,16,16,1,1,76.33441672393032,76.33441672393032,76.33441672393032
torus_mesh_mesh_3,L2,0.25,1024,9,8,4,16,1,4,31845.75563815977,31450.538981607435,31845.75563815977
torus_mesh_mesh_3,L3,2.0,64,7,8,16,16,1,1,4487.994295324374,4729.177307524275,4487.994295324374
torus_mesh_switch_1,L1,0.5,64,8,8,16,16,1,1,5085.435151128075,5085.435151128075,5085.435151128075
torus_mesh_switch_1,L1,0.25,1024,8,8,4,32,1,2,37947.64765405873,37947.64765405873,37947.64765405873
torus_mesh_mesh_3,L2,4.0,16,3,8,32,8,1,1,714.2246420090825,1283.9028246838636,714.2246420090825
torus_mesh_mesh_3,L2,0.5,1,9,8,32,8,1,1,76.70547643418146,74.92666371004914,76.70547643418146
torus_mesh_mesh_3,L3,1.0,1024,8,8,4,32,1,2,31471.24904198582,31471.24904198582,31471.24904198582
torus_mesh_switch_1,L1,1.0,256,8,8,8,16,1,2,11498.707673960138,11498.707673960138,11498.707673960138
torus_mesh_switch_1,L1,1.0,4096,8,8,1,32,1,8,50140.90563323316,50140.90563323316,50140.90563323316
torus_mesh_switch_1,L1,1.5,1,8,8,16,16,1,1,76.3387026536476,76.3387026536476,76.3387026536476
torus_mesh_switch_1,L1,1.0,64,8,8,16,16,1,1,5086.777173475199,5086.777173475199,5086.777173475199
torus_mesh_mesh_3,L3,4.0,256,5,8,8,16,1,2,8446.503134660445,11353.460674378855,8446.503134660445
torus_mesh_mesh_3,L3,1.5,1024,7,8,4,32,1,2,32732.685843781914,34774.48277398248,32732.68584378192
torus_mesh_switch_1,L1,0.5,1024,8,8,4,32,1,2,38034.65207152551,38034.65207152551,38034.65207152551
torus_mesh_mesh_3,L2,1.5,4,7,8,32,8,1,1,286.5954422569396,297.6163806642575,286.5954422569396
torus_mesh_switch_1,L1,0.25,16,8,8,32,8,1,1,1315.510217097217,1315.510217097217,1315.510217097217
torus_mesh_mesh_3,L3,3.0,4096,6,8,1,32,1,8,39342.23882904627,52838.47983012478,39342.23882904627
torus_mesh_mesh_3,L3,3.0,64,6,8,16,16,1,1,4361.074953852556,4812.641512734235,4361.074953852556
torus_mesh_mesh_3,L3,0.25,1,9,8,32,8,1,1,76.58759014833018,74.81417844793617,76.58759014833018
torus_mesh_switch_1,L1,1.5,256,8,8,8,16,1,2,11500.639789967707,11500.639789967707,11500.639789967709
torus_mesh_mesh_3,L3,0.25,4,9,8,32,8,1,1,297.0331017024326,290.35974337393407,297.0331017024326
torus_mesh_switch_1,L1,1.5,64,8,8,16,16,1,1,5087.224671699267,5087.224671699267,5087.224671699267
torus_mesh_mesh_3,L3,0.25,16,9,8,32,8,1,1,1153.186394710753,1199.9987672377506,1153.186394710753
torus_mesh_switch_1,L1,1.0,1024,8,8,4,32,1,2,38061.037122151036,38061.037122151036,38061.03712215104
torus_mesh_switch_1,L1,1.5,4096,8,8,1,32,1,8,50140.90563323316,50140.90563323316,50140.90563323316
torus_mesh_switch_1,L1,0.5,16,8,8,32,8,1,1,1317.0534762071784,1317.0534762071784,1317.0534762071784
torus_mesh_mesh_3,L3,0.25,1024,9,8,4,16,1,4,29844.95228657828,28135.531692940225,29844.95228657828
torus_mesh_switch_1,L1,2.0,1,8,8,16,16,1,1,76.34084579899911,76.34084579899911,76.34084579899911
torus_mesh_mesh_3,L3,0.5,1,8,8,32,8,1,1,75.0632259105192,75.0632259105192,75.0632259105192
torus_mesh_switch_1,L1,2.0,4096,8,8,1,32,1,8,50140.90563323316,50140.90563323316,50140.90563323316
torus_mesh_switch_1,L1,2.0,64,8,8,16,16,1,1,5087.44845034331,5087.44845034331,5087.44845034331
torus_mesh_switch_1,L1,3.0,1,7,8,16,16,1,1,73.0149556987779,76.34298906469273,73.0149556987779
torus_mesh_mesh_3,L3,0.5,1024,8,8,4,16,1,4,29401.421445095642,29401.421445095642,29401.42144509564
torus_mesh_mesh_3,L3,0.5,4,8,8,32,8,1,1,295.10981659520735,295.10981659520735,295.1098165952073
torus_mesh_switch_1,L1,1.0,16,8,8,32,8,1,1,1317.826464448199,1317.826464448199,1317.826464448199
torus_mesh_mesh_3,L3,4.0,64,5,8,16,16,1,1,3620.253345907207,4813.979482566201,3620.253345907207
torus_mesh_mesh_3,L3,0.5,16,8,8,32,8,1,1,1254.2304623960317,1254.2304623960317,1254.2304623960315
torus_mesh_switch_1,L1,3.0,256,7,8,8,16,1,2,11036.417619120357,11502.572555553437,11036.417619120357
torus_mesh_switch_1,L1,1.5,1024,8,8,4,32,1,2,38105.00709125261,38105.00709125261,38105.00709125261
torus_mesh_mesh_3,L3,1.0,1,8,8,32,8,1,1,75.18837248889557,75.18837248889557,75.18837248889557
torus_mesh_mesh_3,L3,1.0,4,8,8,32,8,1,1,297.5436168175524,297.5436168175524,297.5436168175524
torus_mesh_switch_1,L1,3.0,64,7,8,16,16,1,1,4726.932461262726,5087.672248678823,4726.932461262726
torus_mesh_switch_1,L1,3.0,4096,7,8,1,32,1,8,43592.86430795441,50140.90563323316,43592.86430795441
torus_mesh_switch_1,L1,4.0,256,7,8,8,16,1,2,11036.862582173857,11503.055848484859,11036.862582173855
torus_mesh_switch_1,L1,4.0,1,7,8,16,16,1,1,73.0159359722325,76.34406074267099,73.0159359722325
torus_mesh_switch_1,L1,2.0,1024,8,8,4,32,1,2,38111.07121295959,38111.07121295959,38111.07121295959
torus_mesh_mesh_3,L3,1.5,1,7,8,32,8,1,1,72.08022127576736,75.23018080178717,72.08022127576736
torus_mesh_switch_1,L1,4.0,4096,7,8,1,32,1,8,43592.86430795441,50140.90563323316,43592.86430795441
torus_mesh_switch_1,L1,4.0,64,7,8,16,16,1,1,4727.029074925719,5087.784155231693,4727.029074925719
torus_mesh_switch_1,L1,1.5,16,8,8,32,8,1,1,1318.0843288759283,1318.0843288759283,1318.0843288759283
torus_mesh_switch_1,L1,2.0,256,8,8,8,16,1,2,11501.606091542824,11501.606091542824,11501.606091542824
torus_mesh_switch_1,L2,0.25,256,9,8,8,16,1,2,11429.0281522771,11454.88845970353,11429.0281522771
torus_mesh_mesh_3,L3,1.5,16,7,8,32,8,1,1,1203.909784849745,1293.1928656888988,1203.909784849745
torus_mesh_switch_1,L2,0.25,64,9,8,16,16,1,1,4774.327601706345,4995.600060542453,4774.327601706345
torus_mesh_mesh_3,L3,1.5,4,7,8,32,8,1,1,286.7810274110547,298.36382927904526,286.7810274110547
torus_mesh_switch_1,L2,0.25,4096,9,8,1,32,1,8,52208.96679856549,50140.90563323316,52208.96679856549
torus_mesh_mesh_3,L3,2.0,1,7,8,32,8,1,1,72.08332154195045,75.24031324757615,72.08332154195045
torus_mesh_switch_1,L2,0.5,1,9,8,16,16,1,1,78.09436419459215,76.22827887959,78.09436419459215
torus_mesh_switch_1,L1,3.0,1024,7,8,4,32,1,2,34912.10104502828,38117.137267402264,34912.10104502828
torus_mesh_switch_1,L2,0.5,256,9,8,8,16,1,2,11458.072929314307,11484.064057201691,11458.072929314309
torus_mesh_switch_1,L1,2.0,16,8,8,32,8,1,1,1318.2132989382321,1318.2132989382321,1318.213298938232
torus_mesh_switch_1,L1,4.0,1024,7,8,4,32,1,2,34914.55188084369,38120.1710196886,34914.55188084369
torus_mesh_switch_1,L2,0.5,4096,9,8,1,32,1,8,52208.96679856549,50140.90563323316,52208.96679856549
torus_mesh_switch_1,L2,1.0,1,8,8,16,16,1,1,76.33441672393032,76.33441672393032,76.33441672393032
torus_mesh_switch_1,L2,1.0,256,8,8,8,16,1,2,11498.707673960138,11498.707673960138,11498.707673960138
torus_mesh_switch_1,L2,0.5,64,9,8,16,16,1,1,4846.176568462905,5074.317584644772,4846.176568462905
torus_mesh_mesh_3,L3,2.0,16,7,8,32,8,1,1,1205.3623944338387,1298.2340437809455,1205.3623944338387
torus_mesh_switch_1,L2,1.0,4096,8,8,1,32,1,8,50140.90563323316,50140.90563323316,50140.90563323316
torus_mesh_mesh_3,L3,4.0,1024,5,8,4,32,1,2,27396.86016014262,38315.92856456967,27396.86016014262
torus_mesh_switch_1,L2,1.5,1,7,8,16,16,1,1,73.03953599505637,76.36986171975592,73.03953599505637
torus_mesh_switch_1,L2,1.0,64,8,8,16,16,1,1,5086.777173475199,5086.777173475199,5086.777173475199
torus_mesh_switch_1,L2,1.5,256,7,8,8,16,1,2,11044.679363404908,11511.553381455728,11044.679363404908
torus_mesh_switch_1,L2,0.25,1024,9,8,4,32,1,2,39997.04574392989,37939.59491149837,39997.04574392989
torus_mesh_switch_1,L1,4.0,16,7,8,32,8,1,1,1229.6812454549104,1318.406801363073,1229.6812454549104
torus_mesh_mesh_3,L3,3.0,1,6,8,32,8,1,1,70.17143271105229,75.24031324757615,70.17143271105229
torus_mesh_switch_1,L2,1.5,4096,7,8,1,32,1,8,43592.86430795441,50140.90563323316,43592.86430795441
torus_mesh_switch_1,L2,1.5,64,7,8,16,16,1,1,4747.064780444588,5110.998811485834,4747.064780444588
torus_mesh_mesh_3,L3,3.0,4,6,8,32,8,1,1,279.4548153292492,299.1885764256065,279.4548153292492
torus_mesh_mesh_3,L3,2.0,1024,7,8,4,32,1,2,34255.52647730572,36513.5878622624,34255.52647730572
torus_mesh_switch_1,L2,2.0,256,6,8,8,16,1,2,9502.34662545922,11516.401545586952,9502.34662545922
torus_mesh_switch_1,L2,0.5,1024,9,8,4,32,1,2,40086.959249836626,38020.469990399586,40086.95924983663
torus_mesh_mesh_3,L3,3.0,16,6,8,32,8,1,1,1172.8423783071405,1302.2610986736975,1172.8423783071405
torus_mesh_switch_1,L2,2.0,4096,6,8,1,32,1,8,38365.63689018869,50140.90563323316,38365.63689018869
torus_mesh_switch_1,L2,1.0,1024,8,8,4,32,1,2,38061.037122151036,38061.037122151036,38061.03712215104
torus_mesh_switch_1,L2,2.0,64,6,8,16,16,1,1,4581.449583729522,5114.723084926873,4581.449583729522
torus_mesh_switch_1,L2,0.25,16,9,8,32,8,1,1,1235.6582325349666,1289.562038645214,1235.6582325349666
torus_mesh_mesh_3,L3,4.0,4096,5,8,1,32,1,8,33708.489419830286,52883.06491192658,33708.489419830286
torus_mesh_switch_1,L2,3.0,256,5,8,8,16,1,2,8553.716574982844,11534.964035128294,8553.716574982844
torus_mesh_switch_1,L2,1.5,1024,7,8,4,32,1,2,34876.76360732477,38074.5787667307,34876.76360732477
torus_mesh_switch_1,L2,3.0,4096,5,8,1,32,1,8,33213.58844378042,50140.90563323316,33213.58844378042
torus_mesh_switch_1,L2,0.5,16,9,8,32,8,1,1,1260.6778054702963,1316.8361430593939,1260.6778054702963
torus_mesh_switch_1,L2,3.0,64,5,8,16,16,1,1,3775.051369087433,5116.7129211521005,3775.051369087433
torus_mesh_switch_1,L2,4.0,256,3,8,8,16,1,2,5505.925954800965,11536.390766092518,5505.925954800965
torus_mesh_switch_1,L2,0.25,1,9,8,32,8,1,1,77.82228231130483,75.99616471468059,77.82228231130483
torus_mesh_mesh_3,L3,1.0,16,8,8,32,8,1,1,1283.2270618704324,1283.2270618704324,1283.2270618704324
torus_mesh_switch_1,L2,1.0,16,8,8,32,8,1,1,1317.826464448199,1317.826464448199,1317.826464448199
torus_mesh_switch_1,L2,4.0,4096,3,8,1,32,1,8,20475.97420046407,50140.90563323316,20475.97420046407
torus_mesh_mesh_3,L3,4.0,1,5,8,32,8,1,1,61.859165685876526,75.24031324757615,61.859165685876526
torus_mesh_mesh_3,L3,4.0,16,5,8,32,8,1,1,988.9175348732285,1302.2610986736975,988.9175348732284
torus_mesh_switch_1,L3,0.25,1,9,8,16,16,1,1,77.6002043894227,75.7573854429395,77.6002043894227
torus_mesh_switch_1,L2,1.5,16,7,8,32,8,1,1,1229.4638249641607,1318.1569026833934,1229.4638249641607
torus_mesh_switch_1,L2,4.0,64,3,8,16,16,1,1,2687.717286920697,5117.335599709678,2687.717286920697
torus_mesh_switch_1,L3,0.25,256,9,8,8,16,1,2,10872.854803501392,10896.273006132282,10872.854803501392
torus_mesh_mesh_3,L3,4.0,4,5,8,32,8,1,1,246.42005509206547,299.1918070348074,246.42005509206547
torus_mesh_mesh_3,L3,2.0,4,7,8,32,8,1,1,286.9077251568341,298.7756336694632,286.9077251568341
torus_mesh_switch_1,L3,0.25,64,9,8,16,16,1,1,4494.423053314171,4689.981574448758,4494.423053314171
torus_mesh_switch_1,L3,0.5,1,8,8,16,16,1,1,76.14109869934208,76.14109869934208,76.14109869934208
torus_mesh_switch_1,L1,3.0,16,7,8,32,8,1,1,1229.625122559687,1318.3422942427062,1229.625122559687
torus_mesh_switch_1,L2,3.0,1024,5,8,4,32,1,2,27341.719476685263,38088.130062159646,27341.719476685263
torus_mesh_switch_1,L3,0.5,256,8,8,8,16,1,2,11290.626601551161,11290.626601551161,11290.62660155116
torus_mesh_switch_1,L2,2.0,16,6,8,32,8,1,1,1193.9949117883536,1318.3221839533546,1193.9949117883536
torus_mesh_switch_1,L3,0.25,4096,9,8,2,8,1,16,42488.38981831272,39732.37176727248,42488.38981831272
torus_mesh_switch_1,L3,0.5,4096,8,8,1,32,1,8,45912.45133446847,45912.45133446847,45912.45133446847
torus_mesh_switch_1,L3,0.5,64,8,8,16,16,1,1,4947.255251667701,4947.255251667701,4947.255251667701
torus_mesh_switch_1,L3,1.0,1,8,8,16,16,1,1,76.33441672393032,76.33441672393032,76.33441672393032
torus_mesh_switch_1,L3,1.0,256,8,8,8,16,1,2,11498.707673960138,11498.707673960138,11498.707673960138
torus_mesh_switch_1,L2,4.0,1024,3,8,4,32,1,2,17106.280459837213,38091.519395172654,17106.280459837213
torus_mesh_switch_1,L2,3.0,16,5,8,32,8,1,1,1002.3063490307125,1318.4875066790119,1002.3063490307125
torus_mesh_switch_1,L3,1.0,64,8,8,16,16,1,1,5086.777173475199,5086.777173475199,5086.777173475199
torus_mesh_switch_1,L3,1.5,1,7,8,16,16,1,1,73.02681761410057,76.39907440262085,73.02681761410057
torus_mesh_switch_1,L3,0.25,1024,9,8,4,32,1,2,24417.84510939559,24630.45542860505,24417.84510939559
torus_mesh_switch_1,L3,1.5,256,7,8,8,16,1,2,11098.283495697451,11569.783383014614,11098.283495697451
torus_mesh_switch_1,L2,4.0,16,3,8,32,8,1,1,723.8749411886927,1318.5701835926009,723.8749411886927
torus_mesh_switch_1,L2,2.0,1,6,8,32,8,1,1,71.02668206021019,76.38759656486866,71.02668206021019
torus_mesh_switch_1,L3,1.5,4096,7,8,1,32,1,8,44726.6871416797,51729.24361245184,44726.6871416797
torus_mesh_switch_1,L3,2.0,256,7,8,8,16,1,2,11131.287586367966,11605.651844518556,11131.287586367966
torus_mesh_switch_1,L3,1.5,64,7,8,16,16,1,1,4739.961682786078,5135.050169201642,4739.961682786078
torus_mesh_switch_1,L2,2.0,1024,6,8,4,32,1,2,30697.994351436937,38081.35320744355,30697.994351436937
torus_mesh_switch_1,L3,2.0,4096,7,8,1,32,1,8,44857.26587636481,52557.35386460257,44857.26587636481
torus_mesh_switch_1,L3,0.25,16,9,8,32,8,1,1,1177.5444246256084,1226.3970928656868,1177.5444246256084
torus_mesh_switch_1,L2,3.0,1,5,8,32,8,1,1,62.51112329039524,76.39913578245029,62.51112329039524
torus_mesh_switch_1,L3,3.0,256,6,8,8,16,1,2,9562.637419051038,11641.743453781251,9562.637419051038
torus_mesh_switch_1,L3,2.0,64,7,8,16,16,1,1,4746.892960721728,5159.531943891866,4746.892960721728
torus_mesh_switch_1,L3,1.0,4096,8,8,1,32,1,8,50140.90563323316,50140.90563323316,50140.90563323316
torus_mesh_switch_1,L3,1.0,1024,8,8,4,32,1,2,38061.037122151036,38061.037122151036,38061.03712215104
torus_mesh_mesh_3,L3,3.0,1024,6,8,4,32,1,2,30600.97623939254,37983.65034615577,30600.97623939254
torus_mesh_switch_1,L3,0.5,16,8,8,32,8,1,1,1285.8719679173912,1285.8719679173912,1285.8719679173912
torus_mesh_switch_1,L3,3.0,64,6,8,16,16,1,1,4582.80891807393,5178.446288703359,4582.80891807393
torus_mesh_switch_1,L3,4.0,256,5,8,8,16,1,2,8599.406740646682,11659.873590756159,8599.406740646682
torus_mesh_switch_1,L3,1.5,1024,7,8,4,32,1,2,35309.269194477834,38590.42319174048,35309.269194477834
torus_mesh_switch_1,L3,4.0,4096,5,8,1,32,1,8,33717.345380739345,52866.238810236195,33717.345380739345
torus_mesh_switch_1,L3,1.0,16,8,8,32,8,1,1,1317.826464448199,1317.826464448199,1317.826464448199
torus_mesh_switch_1,L3,4.0,64,5,8,16,16,1,1,3783.200064328053,5178.446288703359,3783.200064328053
torus_mesh_switch_1,L3,0.5,1024,8,8,4,32,1,2,34114.513527549476,34114.513527549476,34114.51352754948
torus_mesh_switch_1,L3,2.0,1024,7,8,4,32,1,2,35535.4778141907,38860.68419180648,35535.4778141907
torus_mesh_switch_1,L3,3.0,4096,6,8,1,32,1,8,39327.64466014804,52762.873859484236,39327.64466014804
torus_mesh_switch_1,L3,1.5,16,7,8,32,8,1,1,1233.3366876119603,1328.8338535124199,1233.3366876119603
torus_mesh_switch_1,L3,3.0,1024,6,8,4,32,1,2,31237.857137497238,39134.762147125504,31237.85713749724
torus_mesh_switch_1,L3,2.0,16,7,8,32,8,1,1,1235.4274501246548,1334.4067963722005,1235.4274501246548
torus_mesh_switch_1,L3,4.0,1024,5,8,4,32,1,2,27821.215667547724,39273.257873900366,27821.215667547724
torus_mesh_switch_1,L3,3.0,16,6,8,32,8,1,1,1199.4304654849543,1335.7276267298625,1199.4304654849543
torus_mesh_switch_1,L3,4.0,16,5,8,32,8,1,1,1014.4435275853386,1348.563605126124,1014.4435275853386
torus_mesh_switch_1,L1,3.0,4,7,8,16,16,1,1,291.5877374347454,311.18917659110696,291.5877374347454
torus_mesh_switch_1,L1,4.0,4,7,8,16,16,1,1,291.5916458621864,311.2028481380629,291.5916458621864
torus_mesh_switch_1,L3,2.0,1,7,8,32,8,1,1,73.8168768504191,77.11476946244062,73.8168768504191
torus_mesh_switch_1,L2,0.5,4,9,8,16,16,1,1,310.76304209242494,310.85733250655176,310.76304209242494
torus_mesh_switch_1,L2,1.5,4,7,8,16,16,1,1,291.6857409600183,311.15408990246925,291.6857409600183
torus_mesh_switch_1,L2,0.25,4,9,8,32,8,1,1,308.17314965233584,308.86034712949777,308.17314965233584
torus_mesh_switch_1,L1,0.25,4,8,8,128,2,1,1,310.5888154838814,310.5888154838814,310.5888154838814
torus_mesh_switch_1,L3,0.25,4,9,8,16,16,1,1,304.12117385433237,299.5828486788729,304.1211738543324
torus_mesh_switch_1,L1,0.5,4,8,8,128,2,1,1,310.9159976963872,310.9159976963872,310.9159976963872
torus_mesh_switch_1,L2,2.0,4,6,8,32,8,1,1,283.65998495196436,311.19122442195624,283.6599849519644
torus_mesh_switch_1,L1,1.0,4,8,8,128,2,1,1,311.0798474458426,311.0798474458426,311.0798474458426
torus_mesh_switch_1,L2,3.0,4,5,8,32,8,1,1,249.52569411239557,311.2283678064565,249.5256941123956
torus_mesh_switch_1,L1,1.5,4,8,8,128,2,1,1,311.13450241383293,311.13450241383293,311.13450241383293
torus_mesh_switch_1,L3,1.5,4,7,8,16,16,1,1,291.79227494174165,312.4119984407082,291.79227494174165
torus_mesh_mesh_3,L2,4.0,1,3,8,64,4,1,1,46.269556769127625,75.20695811638187,46.269556769127625
torus_mesh_mesh_3,L2,4.0,4,3,8,64,4,1,1,184.35870939507515,297.6163806642575,184.35870939507515
torus_mesh_switch_1,L1,2.0,4,8,8,128,2,1,1,311.1618371006766,311.1618371006766,311.1618371006766
torus_mesh_switch_1,L3,2.0,4,7,8,32,8,1,1,295.02605830118387,313.08236184017017,295.02605830118387
torus_mesh_switch_1,L3,3.0,4,6,8,32,8,1,1,286.888989163609,315.6869858715362,286.888989163609
torus_mesh_switch_1,L3,4.0,4,5,8,32,8,1,1,252.50013955605058,316.9521229849312,252.50013955605056
torus_mesh_switch_1,L2,1.0,4,8,8,128,2,1,1,311.0798474458426,311.0798474458426,311.0798474458426
torus_mesh_switch_1,L2,4.0,4,3,8,64,4,1,1,183.5245465409257,311.24694282407876,183.5245465409257
torus_mesh_switch_1,L2,4.0,1,3,8,128,2,1,1,46.55574323586438,76.40357722898932,46.55574323586438
torus_mesh_switch_1,L3,0.5,4,8,8,128,2,1,1,307.1507009724126,307.1507009724126,307.1507009724126
torus_mesh_switch_1,L3,1.0,4,8,8,128,2,1,1,311.0798474458426,311.0798474458426,311.0798474458426
torus_mesh_switch_1,L3,3.0,1,6,8,128,2,1,1,72.37889730024696,77.41820518535843,72.37889730024696
torus_mesh_switch_1,L3,4.0,1,5,8,128,2,1,1,63.358369718728305,77.71355738411836,63.35836971872831
