candidate_id,selection_reason,platform,arch,noc,model,bs,minibatch,seq,tp,ep,ep1,ep2,sp,cp,dp,fsdp,pp,tp_transform_moe,max_activation/GiB,mem_weight/GiB,kv_cache/GiB,kv_len_1,kv_len_2,kv_len_3,kv_len_4,paper_utps_avg,paper_stps_avg,stats_run_id
c72141838194e83c,global_best_h100_scaled,H100_SCALED,H100_SCALED,h100x32_strong,DeepSeekV3,1,1,1,8,4,1,1,1,1,1,False,1,replace_only,0.0022144317626953,24.1836042404175,0.134033203125,1024,1365,1707,2048,56.9611477104218,56.9611477104218,DeepSeekV3_H100_SCALED_h100x32_strong_ca13342413
d79fdc850d8e6bfa,global_best_h200_scaled,H200_SCALED,H200_SCALED,h100x32_strong,DeepSeekV3,1,1,1,8,4,1,1,1,1,1,False,1,replace_only,0.0022144317626953,24.1836042404175,0.134033203125,1024,1365,1707,2048,72.5227644369236,72.5227644369236,DeepSeekV3_H200_SCALED_h100x32_strong_51139a445b
099afb5ebb22ef57,global_best_deepstack,DeepStack,stacked_gpu_large_matrix,strong_torus_mesh_switch_4,DeepSeekV3,1,1,1,32,8,1,1,1,1,1,False,1,none,0.0022015571594238,4.14651942253113,0.134033203125,1024,1365,1707,2048,95.5144518498007,95.5144518498007,DeepSeekV3_stacked_gpu_large_matrix_strong_torus_mesh_switch_4_aee5b1115d
4ba4e3b6fb40ed6d,global_best_h100_scaled,H100_SCALED,H100_SCALED,h100x32_strong,DeepSeekV3,16,16,1,8,4,4,1,1,1,1,False,1,replace_only,0.0088577270507812,24.1836042404175,0.5361328125,1024,1365,1707,2048,53.9869789663236,863.791663461177,DeepSeekV3_H100_SCALED_h100x32_strong_dcb9bac284
2c8cccc312247ae8,global_best_h200_scaled,H200_SCALED,H200_SCALED,h100x32_strong,DeepSeekV3,16,16,1,8,4,4,1,1,1,1,False,1,replace_only,0.0088577270507812,24.1836042404175,0.5361328125,1024,1365,1707,2048,66.790372770677,1068.64596433083,DeepSeekV3_H200_SCALED_h100x32_strong_c8b52b06f0
4105eec3c73d801d,global_best_deepstack,DeepStack,stacked_gpu_high_l1,torus_mesh_switch_8,DeepSeekV3,16,16,1,8,32,16,1,1,1,1,False,1,none,0.0022144317626953,5.44971752166748,0.134033203125,1024,1365,1707,2048,85.1907234327213,1363.05157492354,DeepSeekV3_stacked_gpu_high_l1_torus_mesh_switch_8_bf39e9ea79
1131083d7c4b7478,global_best_h100_scaled,H100_SCALED,H100_SCALED,h100x32_strong,DeepSeekV3,64,64,1,4,8,8,1,1,1,1,False,1,replace_only,0.017852783203125,25.6339321136475,1.072265625,1024,1365,1707,2048,54.9589713846065,3517.37416861482,DeepSeekV3_H100_SCALED_h100x32_strong_c81b9af907
b0d2e7cb8b843e08,global_best_h200_scaled,H200_SCALED,H200_SCALED,h100x32_strong,DeepSeekV3,64,64,1,4,8,8,1,1,1,1,False,1,replace_only,0.017852783203125,25.6339321136475,1.072265625,1024,1365,1707,2048,67.4525430270085,4316.96275372854,DeepSeekV3_H200_SCALED_h100x32_strong_f1200a5e97
2c0993ac1ac1ec7f,global_best_deepstack,DeepStack,stacked_gpu_high_l1,torus_mesh_switch_8,DeepSeekV3,64,64,1,8,32,32,1,1,1,1,False,1,none,0.0044288635253906,5.44971752166748,0.26806640625,1024,1365,1707,2048,83.463977752295,5341.69457614688,DeepSeekV3_stacked_gpu_high_l1_torus_mesh_switch_8_67669654a0
4796071869695d57,global_best_h100_scaled,H100_SCALED,H100_SCALED,h100x32_strong,DeepSeekV3,128,128,1,4,8,8,1,1,1,1,False,1,replace_only,0.03570556640625,25.6339321136475,2.14453125,1024,1365,1707,2048,50.7297819052345,6493.41208387001,DeepSeekV3_H100_SCALED_h100x32_strong_7dfbae8d40
fc29bfe3ffb50e07,global_best_h200_scaled,H200_SCALED,H200_SCALED,h100x32_strong,DeepSeekV3,128,128,1,4,8,8,1,1,1,1,False,1,replace_only,0.03570556640625,25.6339321136475,2.14453125,1024,1365,1707,2048,58.3258721974803,7465.71164127748,DeepSeekV3_H200_SCALED_h100x32_strong_65a8cdac38
3406e5eee05ef511,global_best_deepstack,DeepStack,stacked_gpu_high_l1,torus_mesh_switch_8,DeepSeekV3,128,128,1,4,64,64,1,1,1,1,False,1,none,0.0044631958007812,7.19740867614746,0.26806640625,1024,1365,1707,2048,71.141775569742,9106.14727292698,DeepSeekV3_stacked_gpu_high_l1_torus_mesh_switch_8_089ba1d923
3b94869216c15f61,global_best_h100_scaled,H100_SCALED,H100_SCALED,h100x32_strong,DeepSeekV3,256,256,1,2,16,16,1,1,1,1,False,1,replace_only,0.0362548828125,28.5691947937012,2.14453125,1024,1365,1707,2048,46.4076352060646,11880.3546127525,DeepSeekV3_H100_SCALED_h100x32_strong_bd30942437
d87985c55a73ce57,global_best_h200_scaled,H200_SCALED,H200_SCALED,h100x32_strong,DeepSeekV3,256,256,1,2,16,16,1,1,1,1,False,1,replace_only,0.0362548828125,28.5691947937012,2.14453125,1024,1365,1707,2048,51.9099073709412,13288.936286961,DeepSeekV3_H200_SCALED_h100x32_strong_8c27d93284
26bf02269ae93570,global_best_deepstack,DeepStack,stacked_gpu_high_l1,torus_mesh_switch_8,DeepSeekV3,256,256,1,4,64,64,1,1,1,1,False,1,none,0.0089263916015625,7.19740867614746,0.5361328125,1024,1365,1707,2048,62.5770909671803,16019.7352875982,DeepSeekV3_stacked_gpu_high_l1_torus_mesh_switch_8_fa29915ce8
3a786c55338a9a82,global_best_h100_scaled,H100_SCALED,H100_SCALED,h100x32_strong,DeepSeekV3,512,512,1,1,32,32,1,1,1,1,False,1,none,0.037353515625,34.5781478881836,2.14453125,1024,1365,1707,2048,38.5356407672229,19730.2480728181,DeepSeekV3_H100_SCALED_h100x32_strong_1bbb5ac2b5
68310d0920afbc41,global_best_h200_scaled,H200_SCALED,H200_SCALED,h100x32_strong,DeepSeekV3,512,512,1,1,32,32,1,1,1,1,False,1,none,0.037353515625,34.5781478881836,2.14453125,1024,1365,1707,2048,42.5476199470304,21784.3814128796,DeepSeekV3_H200_SCALED_h100x32_strong_ade18e42cd
e7eed9b35815ea3d,global_best_deepstack,DeepStack,stacked_gpu_wgmma,torus_mesh_switch_8,DeepSeekV3,512,256,1,8,16,16,1,1,1,1,False,2,replace_only,0.035430908203125,5.02852725982666,2.14453125,1024,1365,1707,2048,55.3407301577231,28334.4538407542,DeepSeekV3_stacked_gpu_wgmma_torus_mesh_switch_8_41f70a1612
7efe2ebe812580b8,global_best_h100_scaled,H100_SCALED,H100_SCALED,h100x32_strong,DeepSeekV3,1024,1024,1,2,16,16,1,1,1,1,False,1,replace_only,0.14501953125,28.5691947937012,8.578125,1024,1365,1707,2048,29.2587522207526,29960.9622740507,DeepSeekV3_H100_SCALED_h100x32_strong_3ee5dfa668
844ee4188d64f001,global_best_h200_scaled,H200_SCALED,H200_SCALED,h100x32_strong,DeepSeekV3,1024,1024,1,1,32,32,1,1,1,1,False,1,none,0.07470703125,34.5781478881836,4.2890625,1024,1365,1707,2048,30.7148031898805,31451.9584664376,DeepSeekV3_H200_SCALED_h100x32_strong_2a59c8b53a
b0d1de8a70e82fcf,global_best_deepstack,DeepStack,stacked_gpu_high_l1,torus_mesh_switch_8,DeepSeekV3,1024,512,1,4,32,32,1,1,1,1,False,2,replace_only,0.03570556640625,5.78294563293457,2.14453125,1024,1365,1707,2048,39.7971967966921,40752.3295198127,DeepSeekV3_stacked_gpu_high_l1_torus_mesh_switch_8_4414f34906
f686305aad82faa2,global_best_h100_scaled,H100_SCALED,H100_SCALED,h100x32_strong,Llama3_405b,1,1,1,32,1,1,1,1,1,1,False,1,none,0.0002756118774414,17.2434005737305,0.03076171875,1024,1365,1707,2048,25.0574143832608,25.0574143832608,Llama3_405b_H100_SCALED_h100x32_strong_2c15686036
4da56b6e35adb183,global_best_h200_scaled,H200_SCALED,H200_SCALED,h100x32_strong,Llama3_405b,1,1,1,32,1,1,1,1,1,1,False,1,none,0.0002756118774414,17.2434005737305,0.03076171875,1024,1365,1707,2048,31.0919030305016,31.0919030305016,Llama3_405b_H200_SCALED_h100x32_strong_ad888878bc
dfc43ef2c474020d,global_best_deepstack,DeepStack,stacked_gpu_high_l1,torus_mesh_switch_8,Llama3_405b,1,1,1,256,1,1,1,1,1,1,False,1,none,0.0001220703125,2.18824291229248,0.00384521484375,1024,1365,1707,2048,86.8559700501201,86.8559700501201,Llama3_405b_stacked_gpu_high_l1_torus_mesh_switch_8_e6d5d149b7
a5cf15e532a0a595,global_best_h100_scaled,H100_SCALED,H100_SCALED,h100x32_strong,Llama3_405b,16,16,1,32,1,1,1,1,1,1,False,1,none,0.0044097900390625,17.2434005737305,0.4921875,1024,1365,1707,2048,22.6568634108491,362.509814573585,Llama3_405b_H100_SCALED_h100x32_strong_1d68f504d2
9e5a589a48f03531,global_best_h200_scaled,H200_SCALED,H200_SCALED,h100x32_strong,Llama3_405b,16,16,1,16,1,1,1,1,1,2,False,1,none,0.0041656494140625,34.8242034912109,0.4921875,1024,1365,1707,2048,25.9375870192669,415.001392308271,Llama3_405b_H200_SCALED_h100x32_strong_6fb127f345
39f02cd875b6025b,global_best_deepstack,DeepStack,stacked_gpu_wgmma,torus_mesh_switch_7,Llama3_405b,16,16,1,256,1,1,1,1,1,1,False,1,none,0.001953125,2.18824291229248,0.0615234375,1024,1365,1707,2048,57.1654350268601,914.646960429761,Llama3_405b_stacked_gpu_wgmma_torus_mesh_switch_7_c2423781de
79d651117278c386,global_best_h100_scaled,H100_SCALED,H100_SCALED,h100x32_strong,Llama3_405b,64,64,1,16,1,1,1,1,1,2,False,1,replace_only,0.01666259765625,34.8242034912109,1.96875,1024,1365,1707,2048,17.5143350668651,1120.91744427937,Llama3_405b_H100_SCALED_h100x32_strong_ced96bcc7b
4374493e1a48139a,global_best_h200_scaled,H200_SCALED,H200_SCALED,h100x32_strong,Llama3_405b,64,64,1,8,1,1,1,1,1,4,False,1,none,0.01617431640625,71.1855163574219,1.96875,1024,1365,1707,2048,22.724784557665,1454.38621169056,Llama3_405b_H200_SCALED_h100x32_strong_ad59f1a3ae
b060438ba828767e,global_best_deepstack,DeepStack,stacked_gpu_wgmma,torus_mesh_switch_7,Llama3_405b,64,64,1,128,1,1,1,1,1,2,False,1,none,0.00390625,4.32023429870605,0.24609375,1024,1365,1707,2048,46.408803428653,2970.16341943379,Llama3_405b_stacked_gpu_wgmma_torus_mesh_switch_7_8eb2a25f1f
e1ddb757b68a6287,global_best_h100_scaled,H100_SCALED,H100_SCALED,h100x32_strong,Llama3_405b,128,128,1,8,1,1,1,1,1,4,False,1,none,0.0323486328125,71.1855163574219,3.9375,1024,1365,1707,2048,16.475025014841,2108.80320189965,Llama3_405b_H100_SCALED_h100x32_strong_b96dbebc94
ef660a303c11003c,global_best_h200_scaled,H200_SCALED,H200_SCALED,h100x32_strong,Llama3_405b,128,128,1,8,1,1,1,1,1,4,False,1,none,0.0323486328125,71.1855163574219,3.9375,1024,1365,1707,2048,19.9983405801752,2559.78759426242,Llama3_405b_H200_SCALED_h100x32_strong_6ce2615536
9ea906860e213cd5,global_best_deepstack,DeepStack,stacked_gpu_wgmma,torus_mesh_switch_7,Llama3_405b,128,64,1,64,1,1,1,1,1,2,False,2,none,0.0048980712890625,4.33273124694824,0.4921875,1024,1365,1707,2048,36.1685320943896,4629.57210808187,Llama3_405b_stacked_gpu_wgmma_torus_mesh_switch_7_cbce4861b3
25e34f941e31cc08,global_best_h100_scaled,H100_SCALED,H100_SCALED,h100x32_strong,Llama3_405b,256,256,1,8,1,1,1,1,1,4,False,1,replace_only,0.064697265625,71.1855163574219,7.875,1024,1365,1707,2048,13.2345966520416,3388.05674292265,Llama3_405b_H100_SCALED_h100x32_strong_f59748e3cf
782f3ca65df26a5d,global_best_h200_scaled,H200_SCALED,H200_SCALED,h100x32_strong,Llama3_405b,256,256,1,8,1,1,1,1,1,4,False,1,none,0.064697265625,71.1855163574219,7.875,1024,1365,1707,2048,14.9634965005793,3830.65510414831,Llama3_405b_H200_SCALED_h100x32_strong_5989142b1c
ca2642ed99695952,global_best_deepstack,DeepStack,stacked_gpu_wgmma,torus_mesh_switch_8,Llama3_405b,256,64,1,32,1,1,1,1,1,2,False,4,none,0.008819580078125,4.4259033203125,0.984375,1024,1365,1707,2048,24.9570230615419,6388.99790375472,Llama3_405b_stacked_gpu_wgmma_torus_mesh_switch_8_05de6c6243
9fae1801e71713b3,global_best_h100_scaled,H100_SCALED,H100_SCALED,h100x32_strong,Llama3_405b,512,256,1,8,1,1,1,1,1,2,False,2,none,0.12939453125,35.6240081787109,15.75,1024,1365,1707,2048,10.5863097948613,5420.19061496899,Llama3_405b_H100_SCALED_h100x32_strong_ff518a2bc0
936acbea770b889b,global_best_h200_scaled,H200_SCALED,H200_SCALED,h100x32_strong,Llama3_405b,512,512,1,8,1,1,1,1,1,4,False,1,none,0.12939453125,71.1855163574219,15.75,1024,1365,1707,2048,11.3741553629325,5823.56754582145,Llama3_405b_H200_SCALED_h100x32_strong_5dfd03657c
d3ec7be6bd2bfeb0,global_best_deepstack,DeepStack,stacked_gpu_large_matrix,torus_mesh_switch_2,Llama3_405b,512,128,1,32,1,1,1,1,1,2,False,4,none,0.01763916015625,4.4259033203125,1.96875,1024,1365,1707,2048,16.5588689204223,8478.1408872562,Llama3_405b_stacked_gpu_large_matrix_torus_mesh_switch_2_3184bf2ee3
8c1bab58b07015e7,global_best_h100_scaled,H100_SCALED,H100_SCALED,h100x32_strong,Llama3_405b,1024,512,1,8,1,1,1,1,1,2,False,2,none,0.2587890625,35.6240081787109,31.5,1024,1365,1707,2048,6.96995382763018,7137.2327194933,Llama3_405b_H100_SCALED_h100x32_strong_b25317b6f7
0921aca8d12abe97,global_best_h200_scaled,H200_SCALED,H200_SCALED,h100x32_strong,Llama3_405b,1024,512,1,4,1,1,1,1,1,4,False,2,none,0.2548828125,74.3847351074219,31.5,1024,1365,1707,2048,7.68482166101568,7869.25738088005,Llama3_405b_H200_SCALED_h100x32_strong_4e9ca5e1ff
a26eb8e8c4b1b0af,global_best_deepstack,DeepStack,stacked_gpu_large_matrix,strong_torus_mesh_switch_4,Llama3_405b,1024,64,1,16,1,1,1,1,1,1,False,16,none,0.0333251953125,2.26959228515625,3.9375,1024,1365,1707,2048,10.9412626993845,11203.8530041697,Llama3_405b_stacked_gpu_large_matrix_strong_torus_mesh_switch_4_94eb2e7c54
6669db80e4d86547,global_best_deepstack,DeepStack,stacked_gpu_large_vector,torus_mesh_switch_7,Llama3_70b,1,1,1,256,1,1,1,1,1,1,False,1,none,6.103515625e-05,0.424381256103516,0.00244140625,1024,1365,1707,2048,180.803748486523,180.803748486523,Llama3_70b_stacked_gpu_large_vector_torus_mesh_switch_7_14f2c4dec2
f13638ab2e6ecb64,global_best_h100_scaled,H100_SCALED,H100_SCALED,h100x32_strong,Llama3_70b,16,16,1,8,1,1,1,1,1,4,False,1,none,0.0039749145507812,12.1724853515625,0.3125,1024,1365,1707,2048,69.5805111190758,1113.28817790521,Llama3_70b_H100_SCALED_h100x32_strong_bde13edf81
9258f2f340a7fc81,global_best_h200_scaled,H200_SCALED,H200_SCALED,h100x32_strong,Llama3_70b,16,16,1,8,1,1,1,1,1,4,False,1,none,0.0039749145507812,12.1724853515625,0.3125,1024,1365,1707,2048,86.4818547652076,1383.70967624332,Llama3_70b_H200_SCALED_h100x32_strong_4c6c006d18
38e327e99d8f08ca,global_best_deepstack,DeepStack,stacked_gpu_wgmma,torus_mesh_switch_7,Llama3_70b,16,16,1,128,1,1,1,1,1,2,False,1,none,0.0006113052368164,0.787330627441406,0.0390625,1024,1365,1707,2048,144.81177771837,2316.98844349391,Llama3_70b_stacked_gpu_wgmma_torus_mesh_switch_7_f8acc0307b
2e8b3500972d60de,global_best_h100_scaled,H100_SCALED,H100_SCALED,h100x32_strong,Llama3_70b,64,64,1,8,1,1,1,1,1,4,False,1,none,0.015899658203125,12.1724853515625,1.25,1024,1365,1707,2048,66.4374437338859,4251.9963989687,Llama3_70b_H100_SCALED_h100x32_strong_aa23a9968d
7dd9731e09277f4b,global_best_h200_scaled,H200_SCALED,H200_SCALED,h100x32_strong,Llama3_70b,64,64,1,8,1,1,1,1,1,4,False,1,none,0.015899658203125,12.1724853515625,1.25,1024,1365,1707,2048,77.7677614569724,4977.13673324624,Llama3_70b_H200_SCALED_h100x32_strong_491c41ca47
b52b69552f096983,global_best_deepstack,DeepStack,stacked_gpu_wgmma,torus_mesh_switch_7,Llama3_70b,64,64,1,64,1,1,1,1,1,4,False,1,none,0.0022010803222656,1.51643371582031,0.15625,1024,1365,1707,2048,126.291390288812,8082.64897848395,Llama3_70b_stacked_gpu_wgmma_torus_mesh_switch_7_40da40d092
1bb67a4c7e922539,global_best_h100_scaled,H100_SCALED,H100_SCALED,h100x32_strong,Llama3_70b,128,128,1,8,1,1,1,1,1,4,False,1,none,0.03179931640625,12.1724853515625,2.5,1024,1365,1707,2048,58.2719984823883,7458.8158057457,Llama3_70b_H100_SCALED_h100x32_strong_6de8aac707
867f8eed322c7d7d,global_best_h200_scaled,H200_SCALED,H200_SCALED,h100x32_strong,Llama3_70b,128,128,1,8,1,1,1,1,1,4,False,1,none,0.03179931640625,12.1724853515625,2.5,1024,1365,1707,2048,65.2904375433394,8357.17600554744,Llama3_70b_H200_SCALED_h100x32_strong_a3148399fd
2ddb5a6b34bfc779,global_best_deepstack,DeepStack,stacked_gpu_wgmma,torus_mesh_switch_7,Llama3_70b,128,128,1,32,1,1,1,1,1,8,False,1,none,0.0041580200195312,2.98745727539062,0.3125,1024,1365,1707,2048,105.311110024542,13479.8220831414,Llama3_70b_stacked_gpu_wgmma_torus_mesh_switch_7_874eacaa7f
7c4506eafa0323d0,global_best_h100_scaled,H100_SCALED,H100_SCALED,h100x32_strong,Llama3_70b,256,256,1,8,1,1,1,1,1,4,False,1,replace_only,0.0635986328125,12.1724853515625,5,1024,1365,1707,2048,48.7651007272688,12483.8657861808,Llama3_70b_H100_SCALED_h100x32_strong_afc2483567
fde859241a210e2d,global_best_h200_scaled,H200_SCALED,H200_SCALED,h100x32_strong,Llama3_70b,256,256,1,8,1,1,1,1,1,4,False,1,none,0.0635986328125,12.1724853515625,5,1024,1365,1707,2048,52.5609719458435,13455.6088181359,Llama3_70b_H200_SCALED_h100x32_strong_82334fc4d4
e27e8d1e3bb6f097,global_best_deepstack,DeepStack,stacked_gpu_wgmma,torus_mesh_switch_7,Llama3_70b,256,256,1,32,1,1,1,1,1,8,False,1,none,0.0083160400390625,2.98745727539062,0.625,1024,1365,1707,2048,88.9317685559994,22766.5327503358,Llama3_70b_stacked_gpu_wgmma_torus_mesh_switch_7_18fdfa3896
1a024548b15a6eb2,global_best_h100_scaled,H100_SCALED,H100_SCALED,h100x32_strong,Llama3_70b,512,512,1,8,1,1,1,1,1,4,False,1,none,0.127197265625,12.1724853515625,10,1024,1365,1707,2048,34.9089138209202,17873.3638763111,Llama3_70b_H100_SCALED_h100x32_strong_862fec8ada
98bf17f77d53b9c2,global_best_h200_scaled,H200_SCALED,H200_SCALED,h100x32_strong,Llama3_70b,512,512,1,4,1,1,1,1,1,8,False,1,none,0.126220703125,25.376220703125,10,1024,1365,1707,2048,39.3514899453214,20147.9628520046,Llama3_70b_H200_SCALED_h100x32_strong_87a06706bf
3fca524e235ca548,global_best_deepstack,DeepStack,stacked_gpu_wgmma,torus_mesh_switch_7,Llama3_70b,512,512,1,16,1,1,1,1,1,16,False,1,none,0.016143798828125,5.98077392578125,1.25,1024,1365,1707,2048,68.5333040160571,35089.0516562212,Llama3_70b_stacked_gpu_wgmma_torus_mesh_switch_7_1ebd15f7b4
a87d2741da573dcf,global_best_h100_scaled,H100_SCALED,H100_SCALED,h100x32_strong,Llama3_70b,1024,1024,1,4,1,1,1,1,1,8,False,1,none,0.25244140625,25.376220703125,20,1024,1365,1707,2048,26.5811827172476,27219.1311024616,Llama3_70b_H100_SCALED_h100x32_strong_cc366b6c17
d1ac48051d16a376,global_best_h200_scaled,H200_SCALED,H200_SCALED,h100x32_strong,Llama3_70b,1024,1024,1,2,1,1,1,1,1,16,False,1,none,0.25146484375,55.06494140625,20,1024,1365,1707,2048,29.7971480672281,30512.2796208416,Llama3_70b_H200_SCALED_h100x32_strong_5c0aa4b2d1
01f2ef1c921762dc,global_best_deepstack,DeepStack,stacked_gpu_large_matrix,torus_mesh_switch_2,Llama3_70b,1024,256,1,16,1,1,1,1,1,4,False,4,none,0.03228759765625,1.54206848144531,2.5,1024,1365,1707,2048,44.0635963336718,45121.12264568,Llama3_70b_stacked_gpu_large_matrix_torus_mesh_switch_2_bfd85c5253
ad466f83682c12d9,global_best_deepstack,DeepStack,stacked_gpu_large_matrix,torus_mesh_switch_2,Qwen3_235b_a22b,1,1,1,256,1,1,1,1,1,1,False,1,replace_only,3.0517578125e-05,1.91791892051697,0.001434326171875,1024,1365,1707,2048,124.842628617372,124.842628617372,Qwen3_235b_a22b_stacked_gpu_large_matrix_torus_mesh_switch_2_3db7187878
ba1cc29fd725bf82,global_best_h100_scaled,H100_SCALED,H100_SCALED,h100x32_strong,Qwen3_235b_a22b,16,16,1,8,4,4,1,1,1,1,False,1,replace_only,0.0019912719726562,14.996452331543,0.18359375,1024,1365,1707,2048,58.8422020156136,941.475232249817,Qwen3_235b_a22b_H100_SCALED_h100x32_strong_74137e726a
599319b9e7773cf5,global_best_h200_scaled,H200_SCALED,H200_SCALED,h100x32_strong,Qwen3_235b_a22b,16,16,1,8,4,4,1,1,1,1,False,1,replace_only,0.0019912719726562,14.996452331543,0.18359375,1024,1365,1707,2048,68.0668507837156,1089.06961253945,Qwen3_235b_a22b_H200_SCALED_h100x32_strong_832b32557b
e1b633b1b26cef33,global_best_deepstack,DeepStack,stacked_gpu_large_matrix,torus_mesh_switch_2,Qwen3_235b_a22b,16,16,1,64,4,4,1,1,1,1,False,1,none,0.0002756118774414,2.06425380706787,0.02294921875,1024,1365,1707,2048,79.858643004015,1277.73828806424,Qwen3_235b_a22b_stacked_gpu_large_matrix_torus_mesh_switch_2_c5dd610451
f2a8c5c9fa0e03f8,global_best_h100_scaled,H100_SCALED,H100_SCALED,h100x32_strong,Qwen3_235b_a22b,64,64,1,8,4,4,1,1,1,1,False,1,replace_only,0.007965087890625,14.996452331543,0.734375,1024,1365,1707,2048,53.3684142875894,3415.57851440572,Qwen3_235b_a22b_H100_SCALED_h100x32_strong_f4a0a0804f
4452daa7967ffdf2,global_best_h200_scaled,H200_SCALED,H200_SCALED,h100x32_strong,Qwen3_235b_a22b,64,64,1,8,4,4,1,1,1,1,False,1,replace_only,0.007965087890625,14.996452331543,0.734375,1024,1365,1707,2048,58.3018377201139,3731.31761408729,Qwen3_235b_a22b_H200_SCALED_h100x32_strong_5ab4ca68a8
bfc50d8110588b32,global_best_deepstack,DeepStack,stacked_gpu_high_l1,torus_mesh_switch_8,Qwen3_235b_a22b,64,64,1,16,16,16,1,1,1,1,False,1,replace_only,0.0010108947753906,2.64959335327148,0.091796875,1024,1365,1707,2048,77.7470267268186,4975.80971051639,Qwen3_235b_a22b_stacked_gpu_high_l1_torus_mesh_switch_8_13b7aa58f4
75361f1526cc0607,global_best_h100_scaled,H100_SCALED,H100_SCALED,h100x32_strong,Qwen3_235b_a22b,128,128,1,8,4,4,1,1,1,1,False,1,replace_only,0.01593017578125,14.996452331543,1.46875,1024,1365,1707,2048,46.0821938606694,5898.52081416569,Qwen3_235b_a22b_H100_SCALED_h100x32_strong_74149ad50a
1da183c838f89864,global_best_h200_scaled,H200_SCALED,H200_SCALED,h100x32_strong,Qwen3_235b_a22b,128,128,1,4,8,8,1,1,1,1,False,1,replace_only,0.01580810546875,16.5573577880859,1.46875,1024,1365,1707,2048,49.0780848232108,6281.99485737098,Qwen3_235b_a22b_H200_SCALED_h100x32_strong_e7ae7710cd
9a0bb29d0128bcfc,global_best_deepstack,DeepStack,stacked_gpu_high_l1,torus_mesh_switch_8,Qwen3_235b_a22b,128,128,1,16,8,8,1,1,1,2,False,1,replace_only,0.0020217895507812,4.30193710327148,0.18359375,1024,1365,1707,2048,62.1921851023057,7960.59969309513,Qwen3_235b_a22b_stacked_gpu_high_l1_torus_mesh_switch_8_6060306535
e4ff1756404be999,global_best_h100_scaled,H100_SCALED,H100_SCALED,h100x32_strong,Qwen3_235b_a22b,256,256,1,4,8,8,1,1,1,1,False,1,replace_only,0.0316162109375,16.5573577880859,2.9375,1024,1365,1707,2048,42.6934485007244,10929.5228161855,Qwen3_235b_a22b_H100_SCALED_h100x32_strong_78652b059f
b0b11a33cfd30d60,global_best_h200_scaled,H200_SCALED,H200_SCALED,h100x32_strong,Qwen3_235b_a22b,256,256,1,4,8,8,1,1,1,1,False,1,replace_only,0.0316162109375,16.5573577880859,2.9375,1024,1365,1707,2048,45.2273312112385,11578.196790077,Qwen3_235b_a22b_H200_SCALED_h100x32_strong_729096f282
76e65d275b77203e,global_best_deepstack,DeepStack,stacked_gpu_wgmma,torus_mesh_switch_8,Qwen3_235b_a22b,256,256,1,8,32,32,1,1,1,1,False,1,replace_only,0.0039825439453125,3.43004608154297,0.3671875,1024,1365,1707,2048,59.5634018410181,15248.2308713006,Qwen3_235b_a22b_stacked_gpu_wgmma_torus_mesh_switch_8_b882f44fdc
cb26f77bd28c3c8a,global_best_h100_scaled,H100_SCALED,H100_SCALED,h100x32_strong,Qwen3_235b_a22b,512,512,1,4,8,8,1,1,1,1,False,1,replace_only,0.063232421875,16.5573577880859,5.875,1024,1365,1707,2048,34.3281776167191,17576.0269397602,Qwen3_235b_a22b_H100_SCALED_h100x32_strong_fa73abc57e
a73a43efb2b35fca,global_best_h200_scaled,H200_SCALED,H200_SCALED,h100x32_strong,Qwen3_235b_a22b,512,512,1,1,32,32,1,1,1,1,False,1,none,0.06298828125,25.9227905273438,5.875,1024,1365,1707,2048,36.3166333105733,18594.1162550135,Qwen3_235b_a22b_H200_SCALED_h100x32_strong_5358b5bfb2
b1bb4433e520711d,global_best_deepstack,DeepStack,stacked_gpu_high_l1,torus_mesh_switch_8,Qwen3_235b_a22b,512,256,1,8,16,16,1,1,1,1,False,2,replace_only,0.007965087890625,2.60369491577148,0.734375,1024,1365,1707,2048,51.0510800898966,26138.1530060271,Qwen3_235b_a22b_stacked_gpu_high_l1_torus_mesh_switch_8_ec7c4bf8d3
0aff74fe5543861f,global_best_h100_scaled,H100_SCALED,H100_SCALED,h100x32_strong,Qwen3_235b_a22b,1024,1024,1,2,16,16,1,1,1,1,False,1,replace_only,0.1259765625,19.6791687011719,11.75,1024,1365,1707,2048,26.4007024741402,27034.3193335196,Qwen3_235b_a22b_H100_SCALED_h100x32_strong_3d05215f30
9dd26a03672b6cbc,global_best_h200_scaled,H200_SCALED,H200_SCALED,h100x32_strong,Qwen3_235b_a22b,1024,1024,1,1,32,32,1,1,1,1,False,1,none,0.1259765625,25.9227905273438,11.75,1024,1365,1707,2048,28.3357863201728,29015.8451918569,Qwen3_235b_a22b_H200_SCALED_h100x32_strong_99b3246124
bc24f2cc68c59cd7,global_best_deepstack,DeepStack,stacked_gpu_high_l1,torus_mesh_mesh_3,Qwen3_235b_a22b,1024,512,1,4,16,16,1,1,1,2,False,2,replace_only,0.01580810546875,5.03649139404297,1.46875,1024,1365,1707,2048,39.7506901497969,40704.706713392,Qwen3_235b_a22b_stacked_gpu_high_l1_torus_mesh_mesh_3_93da527fd1
