artifact_path,kind,source_repo_path,bytes,sha256,gpu_rerun_required
data/fig09/reference/benchmark_summary_qwen_235b.csv,recorded_vllm_gpu_measurement,recorded_measurement_bundle/benchmark_summary_qwen_235b.csv,1325,54d5445141d8fc9276d357f7a41c7ee150e130aa43a18cdb6146a260eff2a0f6,0
data/fig09/reference/benchmark_summary_llama_3_70b.csv,recorded_vllm_gpu_measurement,recorded_measurement_bundle/benchmark_summary_llama_3_70b.csv,1614,567c56f23146ae59458a2a6e08e44014a0d885082020f34240c4fa3af25383e1,0
data/fig09/reference/benchmark_summary_llama_3_405b.csv,recorded_vllm_gpu_measurement,recorded_measurement_bundle/benchmark_summary_llama_3_405b.csv,1299,aae3e5127a1780e54114bb6907eeffe5e8a267dd9d74b5edc2c5bcb40894ca36,0
data/fig09/reference/vllm_b200_benchmark_summary.csv,recorded_vllm_gpu_measurement,recorded_measurement_bundle/vllm_b200_benchmark_summary.csv,1313,7286c055f93e67ed4c1778931a27392d54d1c7b9c503ae0ad283d1315eeb17f1,0
data/fig09/fixed_configs.csv,fixed_model_config_manifest,four named recorded model CSVs listed in paper_model_source,10033,e548888ed06ec1de09d187f3c8077adf3a7363362cd82791af9cec7a28925b19,0
data/fig09/paper_claim_12_18_audit.csv,metric_provenance_audit,recorded plotting semantics and named model CSVs,464,10b285a2a0ae65cf38a8a8d3cbccd8a53fdfd19653dc70f291f89d6ff0eee400,0
data/fig09/dual_path_expected.csv,cpu_model_regression_baseline,vendored release dual paths under CPython 3.11,2336,70ab6ed00070c13faf128a20f4eee4e277cbe032e367f7c5b283ea46d293fb01,0
data/fig09/legacy_source_version_audit.csv,model_source_version_audit,four named paper modeling CSVs; extracted tp=8 ep=1 max per BS,8684,d9bf8308eaa777b9b04f6da844f69a6850dfd5f8d577ece3a3194a9fbb844fa3,0
data/fig09/historical_source_matrix.csv,source_state_matrix,neutral release-state comparison,829,3af92f1dc0e2778a5b1ca37d195306fdcdc07fb03fe598f15676df60fa1f078a,0
