candidate_id,phase,selection_roles,dram_total_layers,dram_active_layers,sm_count,smem_capacity_KiB,l1_throughput_Bpc,arch,noc,model,bs,minibatch,seq,tp,ep,ep1,ep2,sp,cp,dp,fsdp,pp,tp_transform_moe,kv_len_1,kv_len_2,kv_len_3,kv_len_4,terrain_reference_id
dram-decode-7d8b7b7ba641,decode,fig19_efficiency_winner,8,6,6,128,512,stacked_gpu_wgmma,torus_mesh_switch_1,DeepSeekV3,1,1,1,128,2,1,1,1,1,1,False,1,replace_only,1024.0,1365.0,1707.0,2048.0,
dram-decode-ec7895375007,decode,fig19_throughput_winner,10,10,4,256,1024,stacked_gpu_wgmma,torus_mesh_switch_1,DeepSeekV3,1,1,1,16,16,1,1,1,1,1,False,1,replace_only,1024.0,1365.0,1707.0,2048.0,
dram-decode-282874a1251c,decode,fig20_archive_sample,2,2,9,256,256,stacked_gpu_wgmma,torus_mesh_switch_1,DeepSeekV3,4,4,1,64,1,1,1,1,1,4,True,1,replace_only,1024.0,1365.0,1707.0,2048.0,terrain-000355
dram-decode-93b341db4d09,decode,fig18_curve_best;fig20_raw_throughput_best_per_layer;fig20_safe_throughput_best_per_layer,2,2,7,512,1024,stacked_gpu_wgmma,torus_mesh_switch_1,DeepSeekV3,4,1,1,32,2,1,1,1,1,1,False,4,replace_only,1024.0,1365.0,1707.0,2048.0,
dram-decode-9f124274782b,decode,fig20_hottest_per_layer,2,2,7,512,1024,stacked_gpu_wgmma,torus_mesh_switch_1,DeepSeekV3,4,1,1,16,4,1,1,1,1,1,False,4,replace_only,1024.0,1365.0,1707.0,2048.0,
dram-decode-19dcc72ffae6,decode,fig18_curve_best;fig20_raw_throughput_best_per_layer;fig20_safe_throughput_best_per_layer,3,3,7,512,512,stacked_gpu_wgmma,torus_mesh_switch_1,DeepSeekV3,4,2,1,128,1,1,1,1,1,1,False,2,replace_only,1024.0,1365.0,1707.0,2048.0,
dram-decode-1dc4c729e255,decode,fig20_hottest_per_layer,3,3,7,512,512,stacked_gpu_wgmma,torus_mesh_switch_1,DeepSeekV3,4,1,1,2,32,1,1,1,1,1,False,4,replace_only,1024.0,1365.0,1707.0,2048.0,
dram-decode-fbf37a8192b2,decode,fig20_archive_sample,3,3,8,512,256,stacked_gpu_wgmma,torus_mesh_switch_1,DeepSeekV3,4,2,1,8,16,2,1,1,1,1,False,2,replace_only,1024.0,1365.0,1707.0,2048.0,terrain-002174
dram-decode-1374a2f6a95c,decode,fig18_curve_best;fig20_raw_throughput_best_per_layer;fig20_safe_throughput_best_per_layer,4,4,6,512,1024,stacked_gpu_wgmma,torus_mesh_switch_1,DeepSeekV3,4,4,1,32,8,4,1,1,1,1,False,1,replace_only,1024.0,1365.0,1707.0,2048.0,
dram-decode-5c9943f4d142,decode,fig20_archive_sample,4,4,8,256,256,stacked_gpu_wgmma,torus_mesh_switch_1,DeepSeekV3,4,4,1,1,64,2,1,1,2,2,True,1,replace_only,1024.0,1365.0,1707.0,2048.0,terrain-003403
dram-decode-7054daf26d66,decode,fig20_hottest_per_layer,4,4,7,128,1024,stacked_gpu_wgmma,torus_mesh_switch_1,DeepSeekV3,4,1,1,2,16,1,1,1,2,1,False,4,replace_only,1024.0,1365.0,1707.0,2048.0,
dram-decode-b1bc76f608d0,decode,fig20_hottest_per_layer,5,5,7,128,512,stacked_gpu_wgmma,torus_mesh_switch_1,DeepSeekV3,4,1,1,1,32,1,1,1,2,1,False,4,replace_only,1024.0,1365.0,1707.0,2048.0,
dram-decode-d31e140e4218,decode,fig18_curve_best;fig20_raw_throughput_best_per_layer;fig20_safe_throughput_best_per_layer,5,5,6,256,1024,stacked_gpu_wgmma,torus_mesh_switch_1,DeepSeekV3,4,4,1,16,16,4,1,1,1,1,False,1,replace_only,1024.0,1365.0,1707.0,2048.0,
dram-decode-fd2dbbcbb0ae,decode,fig20_archive_sample,5,5,7,256,512,stacked_gpu_wgmma,torus_mesh_switch_1,DeepSeekV3,4,4,1,1,64,2,1,1,2,2,True,1,replace_only,1024.0,1365.0,1707.0,2048.0,terrain-006276
dram-decode-1257200814ff,decode,fig18_curve_best;fig20_raw_throughput_best_per_layer;fig20_safe_throughput_best_per_layer,6,6,6,128,1024,stacked_gpu_wgmma,torus_mesh_switch_1,DeepSeekV3,4,4,1,16,16,4,1,1,1,1,False,1,replace_only,1024.0,1365.0,1707.0,2048.0,
dram-decode-abc6ede67523,decode,fig20_hottest_per_layer,6,6,7,128,512,stacked_gpu_wgmma,torus_mesh_switch_1,DeepSeekV3,4,1,1,4,4,1,1,1,4,1,False,4,replace_only,1024.0,1365.0,1707.0,2048.0,
dram-decode-b6513dd9bafc,decode,fig20_archive_sample,6,6,6,256,512,stacked_gpu_wgmma,torus_mesh_switch_1,DeepSeekV3,4,4,1,16,2,1,1,1,2,4,True,1,replace_only,1024.0,1365.0,1707.0,2048.0,terrain-008655
dram-decode-5a39d599a32c,decode,fig20_hottest_per_layer,7,7,6,128,1024,stacked_gpu_wgmma,torus_mesh_switch_1,DeepSeekV3,4,1,1,4,4,1,1,1,4,1,False,4,replace_only,1024.0,1365.0,1707.0,2048.0,
dram-decode-f2f5d0ab9b9c,decode,fig20_archive_sample,7,7,5,256,1024,stacked_gpu_wgmma,torus_mesh_switch_1,DeepSeekV3,4,4,1,256,1,1,1,1,1,1,False,1,replace_only,1024.0,1365.0,1707.0,2048.0,terrain-011730
dram-decode-fd5c69de2fc9,decode,fig18_curve_best;fig20_raw_throughput_best_per_layer;fig20_safe_throughput_best_per_layer,7,7,6,128,1024,stacked_gpu_wgmma,torus_mesh_switch_1,DeepSeekV3,4,4,1,16,16,4,1,1,1,1,False,1,replace_only,1024.0,1365.0,1707.0,2048.0,
dram-decode-4fecbe7da0c4,decode,fig19_efficiency_winner,8,6,6,128,512,stacked_gpu_wgmma,torus_mesh_switch_1,DeepSeekV3,4,4,1,64,4,4,1,1,1,1,False,1,replace_only,1024.0,1365.0,1707.0,2048.0,
dram-decode-05bc36fabe03,decode,fig18_curve_best;fig20_raw_throughput_best_per_layer;fig20_safe_throughput_best_per_layer,8,8,4,512,1024,stacked_gpu_wgmma,torus_mesh_switch_1,DeepSeekV3,4,4,1,16,16,4,1,1,1,1,False,1,replace_only,1024.0,1365.0,1707.0,2048.0,
dram-decode-3f989b1853a9,decode,fig20_archive_sample,8,8,5,256,1024,stacked_gpu_wgmma,torus_mesh_switch_1,DeepSeekV3,4,1,1,1,64,1,1,1,1,1,False,4,replace_only,1024.0,1365.0,1707.0,2048.0,terrain-013623
dram-decode-f7265804f6b4,decode,fig20_hottest_per_layer,8,8,4,512,1024,stacked_gpu_wgmma,torus_mesh_switch_1,DeepSeekV3,4,1,1,1,16,1,1,1,4,1,False,4,replace_only,1024.0,1365.0,1707.0,2048.0,
dram-decode-01faae9259c5,decode,fig20_hottest_per_layer,9,9,4,256,1024,stacked_gpu_wgmma,torus_mesh_switch_1,DeepSeekV3,4,1,1,1,16,1,1,1,4,1,False,4,replace_only,1024.0,1365.0,1707.0,2048.0,
dram-decode-1c422c19f2cb,decode,fig18_curve_best;fig20_raw_throughput_best_per_layer;fig20_safe_throughput_best_per_layer,9,9,4,256,1024,stacked_gpu_wgmma,torus_mesh_switch_1,DeepSeekV3,4,4,1,16,16,4,1,1,1,1,False,1,replace_only,1024.0,1365.0,1707.0,2048.0,
dram-decode-9f7e11e26ddc,decode,fig20_archive_sample,9,9,4,256,1024,stacked_gpu_wgmma,torus_mesh_switch_1,DeepSeekV3,4,2,1,16,2,1,1,1,2,2,False,2,replace_only,1024.0,1365.0,1707.0,2048.0,terrain-015214
dram-decode-0d9a37c1352a,decode,fig18_curve_best;fig19_throughput_winner;fig20_raw_throughput_best_per_layer;fig20_safe_throughput_best_per_layer,10,10,4,256,1024,stacked_gpu_wgmma,torus_mesh_switch_1,DeepSeekV3,4,4,1,16,16,4,1,1,1,1,False,1,replace_only,1024.0,1365.0,1707.0,2048.0,
dram-decode-1bbfa536f1bb,decode,fig20_hottest_per_layer,10,10,4,256,1024,stacked_gpu_wgmma,torus_mesh_switch_1,DeepSeekV3,4,1,1,1,16,1,1,1,4,1,False,4,replace_only,1024.0,1365.0,1707.0,2048.0,
dram-decode-7a854d2e739d,decode,fig20_archive_sample,10,10,4,256,1024,stacked_gpu_wgmma,torus_mesh_switch_1,DeepSeekV3,4,4,1,2,64,2,1,1,1,2,False,1,replace_only,1024.0,1365.0,1707.0,2048.0,terrain-016312
dram-decode-839861569ed2,decode,fig18_curve_best;fig20_raw_throughput_best_per_layer;fig20_safe_throughput_best_per_layer,11,11,3,512,1024,stacked_gpu_wgmma,torus_mesh_switch_1,DeepSeekV3,4,4,1,16,16,4,1,1,1,1,False,1,replace_only,1024.0,1365.0,1707.0,2048.0,
dram-decode-c38e773f7d90,decode,fig20_hottest_per_layer,11,11,3,512,1024,stacked_gpu_wgmma,torus_mesh_switch_1,DeepSeekV3,4,1,1,4,2,1,1,1,8,1,False,4,replace_only,1024.0,1365.0,1707.0,2048.0,
dram-decode-d7d0c0063ebf,decode,fig20_archive_sample,11,11,3,512,1024,stacked_gpu_wgmma,torus_mesh_switch_1,DeepSeekV3,4,4,1,128,1,1,1,1,1,2,True,1,replace_only,1024.0,1365.0,1707.0,2048.0,terrain-017983
dram-decode-4178005dda34,decode,fig20_hottest_per_layer,12,12,2,512,1024,stacked_gpu_wgmma,torus_mesh_switch_1,DeepSeekV3,4,1,1,1,8,1,1,1,8,1,False,4,replace_only,1024.0,1365.0,1707.0,2048.0,
dram-decode-a1d308ca42f5,decode,fig20_archive_sample,12,12,2,512,1024,stacked_gpu_wgmma,torus_mesh_switch_1,DeepSeekV3,4,2,1,1,64,1,1,1,1,2,False,2,replace_only,1024.0,1365.0,1707.0,2048.0,terrain-018583
dram-decode-e199a3f2002e,decode,fig18_curve_best;fig20_raw_throughput_best_per_layer;fig20_safe_throughput_best_per_layer,12,12,2,512,1024,stacked_gpu_wgmma,torus_mesh_switch_1,DeepSeekV3,4,4,1,16,16,4,1,1,1,1,False,1,replace_only,1024.0,1365.0,1707.0,2048.0,
dram-decode-db88d20b2aa4,decode,fig19_efficiency_winner,8,6,6,128,512,stacked_gpu_wgmma,torus_mesh_switch_1,DeepSeekV3,16,16,1,32,8,8,1,1,1,1,False,1,replace_only,1024.0,1365.0,1707.0,2048.0,
dram-decode-04456fae5863,decode,fig19_throughput_winner,10,10,4,256,1024,stacked_gpu_wgmma,torus_mesh_switch_1,DeepSeekV3,16,16,1,16,16,16,1,1,1,1,False,1,replace_only,1024.0,1365.0,1707.0,2048.0,
dram-decode-d46a67693837,decode,fig19_efficiency_winner,8,6,6,128,512,stacked_gpu_wgmma,torus_mesh_switch_1,DeepSeekV3,64,64,1,16,16,16,1,1,1,1,False,1,replace_only,1024.0,1365.0,1707.0,2048.0,
dram-decode-b5db34430b8a,decode,fig19_throughput_winner,10,10,4,256,1024,stacked_gpu_wgmma,torus_mesh_switch_1,DeepSeekV3,64,64,1,16,16,16,1,1,1,1,False,1,replace_only,1024.0,1365.0,1707.0,2048.0,
dram-decode-53d08f6a5996,decode,fig19_throughput_winner,6,6,6,128,1024,stacked_gpu_wgmma,torus_mesh_switch_1,DeepSeekV3,256,256,1,8,16,16,1,1,2,1,False,1,replace_only,1024.0,1365.0,1707.0,2048.0,
dram-decode-bd286b813c30,decode,fig19_efficiency_winner,6,6,6,128,1024,stacked_gpu_wgmma,torus_mesh_switch_1,DeepSeekV3,256,256,1,8,32,32,1,1,1,1,False,1,replace_only,1024.0,1365.0,1707.0,2048.0,
dram-decode-286268670824,decode,fig18_curve_best;fig20_raw_throughput_best_per_layer;fig20_safe_throughput_best_per_layer,2,2,7,512,1024,stacked_gpu_wgmma,torus_mesh_switch_1,DeepSeekV3,1024,16,1,1,4,4,1,1,1,1,False,64,replace_only,1024.0,1365.0,1707.0,2048.0,
dram-decode-63e826ae9a40,decode,fig20_archive_sample,2,2,8,512,512,stacked_gpu_wgmma,torus_mesh_switch_1,DeepSeekV3,1024,128,1,1,16,16,1,1,1,2,True,8,replace_only,1024.0,1365.0,1707.0,2048.0,terrain-000706
dram-decode-b332b3dbd362,decode,fig20_hottest_per_layer,2,2,7,512,1024,stacked_gpu_wgmma,torus_mesh_switch_1,DeepSeekV3,1024,64,1,2,1,1,1,1,1,8,True,16,replace_only,1024.0,1365.0,1707.0,2048.0,
dram-decode-755d1771a087,decode,fig20_archive_sample,3,3,8,512,128,stacked_gpu_wgmma,torus_mesh_switch_1,DeepSeekV3,1024,1024,1,1,128,128,1,1,1,2,True,1,replace_only,1024.0,1365.0,1707.0,2048.0,terrain-002043
dram-decode-7867d9f4a223,decode,fig20_hottest_per_layer,3,3,7,512,512,stacked_gpu_wgmma,torus_mesh_switch_1,DeepSeekV3,1024,16,1,2,1,1,1,1,1,2,True,64,replace_only,1024.0,1365.0,1707.0,2048.0,
dram-decode-d59ce5ef777c,decode,fig18_curve_best;fig20_raw_throughput_best_per_layer;fig20_safe_throughput_best_per_layer,3,3,8,128,1024,stacked_gpu_wgmma,torus_mesh_switch_1,DeepSeekV3,1024,128,1,4,8,8,1,1,1,1,False,8,replace_only,1024.0,1365.0,1707.0,2048.0,
dram-decode-48ac005a8acb,decode,fig18_curve_best;fig20_raw_throughput_best_per_layer;fig20_safe_throughput_best_per_layer,4,4,8,128,512,stacked_gpu_wgmma,torus_mesh_switch_1,DeepSeekV3,1024,512,1,4,32,32,1,1,1,1,False,2,replace_only,1024.0,1365.0,1707.0,2048.0,
dram-decode-4f2737bc5195,decode,fig20_archive_sample,4,4,8,128,512,stacked_gpu_wgmma,torus_mesh_switch_1,DeepSeekV3,1024,512,1,4,8,8,1,1,2,2,True,2,replace_only,1024.0,1365.0,1707.0,2048.0,terrain-003107
dram-decode-dccba94ad809,decode,fig20_hottest_per_layer,4,4,7,128,1024,stacked_gpu_wgmma,torus_mesh_switch_1,DeepSeekV3,1024,16,1,2,1,1,1,1,1,2,True,64,replace_only,1024.0,1365.0,1707.0,2048.0,
dram-decode-0c2494cafee6,decode,fig18_curve_best;fig20_raw_throughput_best_per_layer;fig20_safe_throughput_best_per_layer,5,5,7,128,1024,stacked_gpu_wgmma,torus_mesh_switch_1,DeepSeekV3,1024,512,1,4,32,32,1,1,1,1,False,2,replace_only,1024.0,1365.0,1707.0,2048.0,
dram-decode-61b939adf024,decode,fig20_archive_sample,5,5,7,256,512,stacked_gpu_wgmma,torus_mesh_switch_1,DeepSeekV3,1024,16,1,1,2,2,1,1,1,2,True,64,replace_only,1024.0,1365.0,1707.0,2048.0,terrain-006388
dram-decode-cce55f4d66e9,decode,fig20_hottest_per_layer,5,5,7,128,512,stacked_gpu_wgmma,torus_mesh_switch_1,DeepSeekV3,1024,16,1,2,1,1,1,1,1,2,True,64,replace_only,1024.0,1365.0,1707.0,2048.0,
dram-decode-2dfe5ab9a3af,decode,fig20_safe_throughput_best_per_layer,6,6,6,128,1024,stacked_gpu_wgmma,torus_mesh_switch_1,DeepSeekV3,1024,512,1,4,32,32,1,1,1,1,False,2,replace_only,1024.0,1365.0,1707.0,2048.0,
dram-decode-5724a8614812,decode,fig19_efficiency_winner,6,6,6,256,1024,stacked_gpu_wgmma,torus_mesh_switch_1,DeepSeekV3,1024,1024,1,4,64,64,1,1,1,1,False,1,replace_only,1024.0,1365.0,1707.0,2048.0,
dram-decode-74c3cf6d0851,decode,fig18_curve_best;fig19_throughput_winner;fig20_raw_throughput_best_per_layer,6,6,7,128,512,stacked_gpu_wgmma,torus_mesh_switch_1,DeepSeekV3,1024,512,1,4,32,32,1,1,1,1,False,2,replace_only,1024.0,1365.0,1707.0,2048.0,
dram-decode-a038f2b3ca6a,decode,fig20_hottest_per_layer,6,6,7,128,512,stacked_gpu_wgmma,torus_mesh_switch_1,DeepSeekV3,1024,16,1,2,1,1,1,1,1,2,True,64,replace_only,1024.0,1365.0,1707.0,2048.0,
dram-decode-b3284c7fd986,decode,fig20_archive_sample,6,6,5,512,1024,stacked_gpu_wgmma,torus_mesh_switch_1,DeepSeekV3,1024,1024,1,4,2,2,1,1,1,32,True,1,replace_only,1024.0,1365.0,1707.0,2048.0,terrain-010187
dram-decode-4160ee7736c7,decode,fig20_archive_sample,7,7,6,256,512,stacked_gpu_wgmma,torus_mesh_switch_1,DeepSeekV3,1024,256,1,2,2,2,1,1,1,16,True,4,replace_only,1024.0,1365.0,1707.0,2048.0,terrain-011500
dram-decode-4ed2ac993168,decode,fig20_hottest_per_layer,7,7,6,128,1024,stacked_gpu_wgmma,torus_mesh_switch_1,DeepSeekV3,1024,16,1,2,1,1,1,1,1,2,True,64,replace_only,1024.0,1365.0,1707.0,2048.0,
dram-decode-72d0b807f310,decode,fig20_safe_throughput_best_per_layer,7,7,6,128,512,stacked_gpu_wgmma,torus_mesh_switch_1,DeepSeekV3,1024,1024,1,4,32,32,1,1,1,2,False,1,replace_only,1024.0,1365.0,1707.0,2048.0,
dram-decode-a1db2b08a3e6,decode,fig18_curve_best;fig20_raw_throughput_best_per_layer,7,7,6,128,1024,stacked_gpu_wgmma,torus_mesh_switch_1,DeepSeekV3,1024,1024,1,4,32,32,1,1,1,2,False,1,replace_only,1024.0,1365.0,1707.0,2048.0,
dram-decode-01f4a4dbbe30,decode,fig18_curve_best;fig20_raw_throughput_best_per_layer;fig20_safe_throughput_best_per_layer,8,8,5,128,1024,stacked_gpu_wgmma,torus_mesh_switch_1,DeepSeekV3,1024,512,1,4,32,32,1,1,1,1,False,2,replace_only,1024.0,1365.0,1707.0,2048.0,
dram-decode-22c0e8e93a3d,decode,fig20_hottest_per_layer,8,8,5,128,1024,stacked_gpu_wgmma,torus_mesh_switch_1,DeepSeekV3,1024,16,1,1,1,1,1,1,2,2,True,64,replace_only,1024.0,1365.0,1707.0,2048.0,
dram-decode-52183e557cde,decode,fig20_archive_sample,8,8,5,256,1024,stacked_gpu_wgmma,torus_mesh_switch_1,DeepSeekV3,1024,512,1,2,1,1,1,1,1,64,True,2,replace_only,1024.0,1365.0,1707.0,2048.0,terrain-013912
dram-decode-3551fd506998,decode,fig18_curve_best;fig20_raw_throughput_best_per_layer;fig20_safe_throughput_best_per_layer,9,9,4,256,1024,stacked_gpu_wgmma,torus_mesh_switch_1,DeepSeekV3,1024,1024,1,2,64,64,1,1,1,2,False,1,replace_only,1024.0,1365.0,1707.0,2048.0,
dram-decode-6c4c6fb170bd,decode,fig20_hottest_per_layer,9,9,4,256,1024,stacked_gpu_wgmma,torus_mesh_switch_1,DeepSeekV3,1024,16,1,1,1,1,1,1,2,2,True,64,replace_only,1024.0,1365.0,1707.0,2048.0,
dram-decode-e06ad72a30ce,decode,fig20_archive_sample,9,9,4,512,1024,stacked_gpu_wgmma,torus_mesh_switch_1,DeepSeekV3,1024,128,1,1,4,4,1,1,4,2,True,8,replace_only,1024.0,1365.0,1707.0,2048.0,terrain-015959
dram-decode-1e647b473bad,decode,fig20_archive_sample,10,10,4,256,1024,stacked_gpu_wgmma,torus_mesh_switch_1,DeepSeekV3,1024,512,1,1,1,1,1,1,4,32,True,2,replace_only,1024.0,1365.0,1707.0,2048.0,terrain-016422
dram-decode-669f641c4d5c,decode,fig18_curve_best;fig20_raw_throughput_best_per_layer;fig20_safe_throughput_best_per_layer,10,10,4,256,1024,stacked_gpu_wgmma,torus_mesh_switch_1,DeepSeekV3,1024,1024,1,2,64,64,1,1,1,2,False,1,replace_only,1024.0,1365.0,1707.0,2048.0,
dram-decode-83b9c4490dc1,decode,fig20_hottest_per_layer,10,10,4,256,1024,stacked_gpu_wgmma,torus_mesh_switch_1,DeepSeekV3,1024,16,1,1,1,1,1,1,2,2,True,64,replace_only,1024.0,1365.0,1707.0,2048.0,
dram-decode-467b3ce69003,decode,fig20_hottest_per_layer,11,11,3,512,1024,stacked_gpu_wgmma,torus_mesh_switch_1,DeepSeekV3,1024,16,1,2,1,1,1,1,1,2,True,64,replace_only,1024.0,1365.0,1707.0,2048.0,
dram-decode-509725a90b5b,decode,fig18_curve_best;fig20_raw_throughput_best_per_layer;fig20_safe_throughput_best_per_layer,11,11,3,512,1024,stacked_gpu_wgmma,torus_mesh_switch_1,DeepSeekV3,1024,1024,1,2,64,64,1,1,1,2,False,1,replace_only,1024.0,1365.0,1707.0,2048.0,
dram-decode-ba254a0155e2,decode,fig20_archive_sample,11,11,3,256,1024,stacked_gpu_wgmma,torus_mesh_switch_1,DeepSeekV3,1024,128,1,1,8,8,1,1,2,2,True,8,replace_only,1024.0,1365.0,1707.0,2048.0,terrain-017651
dram-decode-044cfc3c9350,decode,fig18_curve_best;fig20_raw_throughput_best_per_layer;fig20_safe_throughput_best_per_layer,12,12,2,512,1024,stacked_gpu_wgmma,torus_mesh_switch_1,DeepSeekV3,1024,1024,1,2,64,64,1,1,1,2,False,1,replace_only,1024.0,1365.0,1707.0,2048.0,
dram-decode-0d6c9e814a9c,decode,fig20_archive_sample,12,12,2,512,1024,stacked_gpu_wgmma,torus_mesh_switch_1,DeepSeekV3,1024,1024,1,4,8,8,1,1,1,8,True,1,replace_only,1024.0,1365.0,1707.0,2048.0,terrain-019168
dram-decode-36328ed637d9,decode,fig20_hottest_per_layer,12,12,2,512,1024,stacked_gpu_wgmma,torus_mesh_switch_1,DeepSeekV3,1024,16,1,2,1,1,1,1,1,2,True,64,replace_only,1024.0,1365.0,1707.0,2048.0,
dram-decode-6c47be65d9a6,decode,fig19_throughput_winner,6,4,8,128,256,stacked_gpu_wgmma,torus_mesh_switch_1,DeepSeekV3,4096,2048,1,2,64,64,1,1,1,1,False,2,replace_only,1024.0,1365.0,1707.0,2048.0,
dram-decode-ecd8f32591f8,decode,fig19_efficiency_winner,10,6,5,256,512,stacked_gpu_wgmma,torus_mesh_switch_1,DeepSeekV3,4096,4096,1,2,128,128,1,1,1,1,False,1,replace_only,1024.0,1365.0,1707.0,2048.0,
dram-decode-597cdf22b31c,decode,fig19_throughput_winner,8,4,7,128,256,stacked_gpu_wgmma,torus_mesh_switch_1,DeepSeekV3,16384,2048,1,1,32,32,1,1,1,1,False,8,replace_only,1024.0,1365.0,1707.0,2048.0,
dram-decode-f5119685e110,decode,fig19_efficiency_winner,10,4,6,256,256,stacked_gpu_wgmma,torus_mesh_switch_1,DeepSeekV3,16384,8192,1,1,128,128,1,1,1,1,False,2,replace_only,1024.0,1365.0,1707.0,2048.0,
dram-prefill-6325cd41c9f4,prefill,fig19_efficiency_winner,8,6,6,256,512,stacked_gpu_wgmma,torus_mesh_switch_1,DeepSeekV3,1,1,1024,64,1,1,1,4,1,1,False,1,replace_only,,,,,
dram-prefill-a0e8b0ae4210,prefill,fig19_throughput_winner,8,6,6,128,512,stacked_gpu_wgmma,torus_mesh_switch_1,DeepSeekV3,1,1,1024,32,2,1,2,4,1,1,False,1,replace_only,,,,,
dram-prefill-60e187ece6b2,prefill,fig18_curve_best,2,2,10,128,256,stacked_gpu_wgmma,torus_mesh_switch_1,DeepSeekV3,4,1,1024,16,4,1,4,1,1,1,False,4,replace_only,,,,,
dram-prefill-53a67caa25e9,prefill,fig18_curve_best,3,3,9,128,512,stacked_gpu_wgmma,torus_mesh_switch_1,DeepSeekV3,4,2,1024,16,8,1,8,1,1,1,False,2,replace_only,,,,,
dram-prefill-fba446eca1b2,prefill,fig18_curve_best,4,4,8,128,512,stacked_gpu_wgmma,torus_mesh_switch_1,DeepSeekV3,4,2,1024,32,2,1,2,2,1,1,False,2,replace_only,,,,,
dram-prefill-32fda1155b7b,prefill,fig18_curve_best,5,5,7,128,1024,stacked_gpu_wgmma,torus_mesh_switch_1,DeepSeekV3,4,2,1024,32,2,1,2,2,1,1,False,2,replace_only,,,,,
dram-prefill-0b69d62fda69,prefill,fig18_curve_best;fig19_throughput_winner,6,6,7,128,512,stacked_gpu_wgmma,torus_mesh_switch_1,DeepSeekV3,4,2,1024,16,2,1,2,4,1,1,False,2,replace_only,,,,,
dram-prefill-afb6e52fcb2b,prefill,fig18_curve_best,7,7,6,128,1024,stacked_gpu_wgmma,torus_mesh_switch_1,DeepSeekV3,4,2,1024,16,2,1,2,4,1,1,False,2,replace_only,,,,,
dram-prefill-0ceeeb53fd70,prefill,fig19_efficiency_winner,8,6,6,256,512,stacked_gpu_wgmma,torus_mesh_switch_1,DeepSeekV3,4,4,1024,16,4,1,4,4,1,1,False,1,replace_only,,,,,
dram-prefill-a2a48b576b9f,prefill,fig18_curve_best,8,8,5,128,1024,stacked_gpu_wgmma,torus_mesh_switch_1,DeepSeekV3,4,2,1024,16,2,1,2,4,1,1,False,2,replace_only,,,,,
dram-prefill-8f482de7f409,prefill,fig18_curve_best,9,9,4,256,1024,stacked_gpu_wgmma,torus_mesh_switch_1,DeepSeekV3,4,2,1024,16,2,1,2,4,1,1,False,2,replace_only,,,,,
dram-prefill-23d62da84257,prefill,fig18_curve_best,10,10,4,256,1024,stacked_gpu_wgmma,torus_mesh_switch_1,DeepSeekV3,4,2,1024,16,2,1,2,4,1,1,False,2,replace_only,,,,,
dram-prefill-955c1ceb6027,prefill,fig18_curve_best,11,11,3,512,1024,stacked_gpu_wgmma,torus_mesh_switch_1,DeepSeekV3,4,4,1024,16,4,1,4,4,1,1,False,1,replace_only,,,,,
dram-prefill-f4fe5ba96a15,prefill,fig18_curve_best,12,12,2,512,1024,stacked_gpu_wgmma,torus_mesh_switch_1,DeepSeekV3,4,4,1024,16,2,1,2,8,1,1,False,1,replace_only,,,,,
dram-prefill-5db96bab7421,prefill,fig19_efficiency_winner,6,4,8,128,256,stacked_gpu_wgmma,torus_mesh_switch_1,DeepSeekV3,16,16,1024,8,16,1,16,2,1,1,False,1,replace_only,,,,,
dram-prefill-b37c55915e4a,prefill,fig19_throughput_winner,6,6,7,128,512,stacked_gpu_wgmma,torus_mesh_switch_1,DeepSeekV3,16,4,1024,4,4,1,4,4,1,1,False,4,replace_only,,,,,
dram-prefill-4905e633166f,prefill,fig19_throughput_winner,6,4,8,128,256,stacked_gpu_wgmma,torus_mesh_switch_1,DeepSeekV3,64,16,1024,4,4,1,4,1,1,4,False,4,replace_only,,,,,
dram-prefill-2fc12dab561d,prefill,fig19_efficiency_winner,10,2,6,256,512,stacked_gpu_wgmma,torus_mesh_switch_1,DeepSeekV3,64,32,1024,1,32,1,32,4,1,1,False,2,replace_only,,,,,
dram-prefill-e89b2fd49583,prefill,fig19_throughput_winner,6,4,8,128,256,stacked_gpu_wgmma,torus_mesh_switch_1,DeepSeekV3,256,64,1024,4,4,1,4,1,1,4,False,4,replace_only,,,,,
dram-prefill-d7ac3db27937,prefill,fig19_efficiency_winner,10,2,6,256,512,stacked_gpu_wgmma,torus_mesh_switch_1,DeepSeekV3,256,128,1024,1,32,1,32,1,1,4,False,2,replace_only,,,,,
dram-prefill-b1e184b10cef,prefill,fig18_curve_best;fig19_throughput_winner,2,2,10,128,256,stacked_gpu_wgmma,torus_mesh_switch_1,DeepSeekV3,1024,64,1024,1,8,1,8,1,1,2,True,16,replace_only,,,,,
dram-prefill-a1c9d6e5aacc,prefill,fig18_curve_best,3,3,9,128,512,stacked_gpu_wgmma,torus_mesh_switch_1,DeepSeekV3,1024,64,1024,1,16,1,16,1,1,1,False,16,replace_only,,,,,
dram-prefill-dd97b5e98f19,prefill,fig18_curve_best,4,4,8,128,512,stacked_gpu_wgmma,torus_mesh_switch_1,DeepSeekV3,1024,128,1024,2,8,1,8,1,1,2,False,8,replace_only,,,,,
dram-prefill-49befa40734e,prefill,fig18_curve_best,5,5,8,128,256,stacked_gpu_wgmma,torus_mesh_switch_1,DeepSeekV3,1024,128,1024,1,16,1,16,1,1,2,False,8,replace_only,,,,,
dram-prefill-53fd32ca3aa9,prefill,fig18_curve_best,6,6,7,128,512,stacked_gpu_wgmma,torus_mesh_switch_1,DeepSeekV3,1024,128,1024,1,16,1,16,1,1,2,False,8,replace_only,,,,,
dram-prefill-4b6a42f756c7,prefill,fig18_curve_best,7,7,6,128,1024,stacked_gpu_wgmma,torus_mesh_switch_1,DeepSeekV3,1024,256,1024,2,8,1,8,1,1,4,False,4,replace_only,,,,,
dram-prefill-2e2d64f66520,prefill,fig19_efficiency_winner,8,4,7,128,256,stacked_gpu_wgmma,torus_mesh_switch_1,DeepSeekV3,1024,256,1024,1,16,1,16,1,1,4,False,4,replace_only,,,,,
dram-prefill-37fafd43981a,prefill,fig18_curve_best,8,8,5,128,1024,stacked_gpu_wgmma,torus_mesh_switch_1,DeepSeekV3,1024,256,1024,1,16,1,16,1,1,4,False,4,replace_only,,,,,
dram-prefill-e3b1d3dcfc3f,prefill,fig18_curve_best,9,9,4,128,1024,stacked_gpu_wgmma,torus_mesh_switch_1,DeepSeekV3,1024,256,1024,1,16,1,16,1,1,4,False,4,replace_only,,,,,
dram-prefill-af4345ba043d,prefill,fig18_curve_best,10,10,4,256,1024,stacked_gpu_wgmma,torus_mesh_switch_1,DeepSeekV3,1024,256,1024,1,16,1,16,1,1,4,False,4,replace_only,,,,,
dram-prefill-9c8810d45bb4,prefill,fig18_curve_best,11,11,3,256,1024,stacked_gpu_wgmma,torus_mesh_switch_1,DeepSeekV3,1024,256,1024,1,16,1,16,1,1,4,False,4,replace_only,,,,,
dram-prefill-3091241b9030,prefill,fig18_curve_best,12,12,2,512,1024,stacked_gpu_wgmma,torus_mesh_switch_1,DeepSeekV3,1024,1024,1024,1,16,1,16,1,1,16,True,1,replace_only,,,,,
